Player,Score
LeBron James\jamesle01,-164.49471274992638
Ricky Rubio\rubiori01,-151.8281772041372
Trae Young\youngtr01,-115.68978504544978
Ben Simmons\simmobe01,-91.90928440414208
Elfrid Payton\paytoel01,-83.38198684827472
Luka Dončić\doncilu01,-81.42671612102026
Damian Lillard\lillada01,-66.29059501784312
Lonzo Ball\balllo01,-65.79182334544214
Devonte' Graham\grahade01,-58.3255581349535
Draymond Green\greendr01,-54.45595942947529
Kyle Lowry\lowryky01,-52.206270176192525
Ja Morant\moranja01,-50.10966305899883
James Harden\hardeja01,-49.6440875458213
Malcolm Brogdon\brogdma01,-45.2182338990313
Nikola Jokić\jokicni01,-36.30128639223981
Spencer Dinwiddie\dinwisp01,-27.305191532627425
Chris Paul\paulch01,-26.055613357663
De'Aaron Fox\foxde01,-25.90021757144803
Bradley Beal\bealbr01,-24.41377634621727
Fred VanVleet\vanvlfr01,-24.02383229006289
Jrue Holiday\holidjr01,-22.792745942376023
Russell Westbrook\westbru01,-20.289532526122706
Devin Booker\bookede01,-19.445748165728695
Jeff Teague\teaguje01,-19.436406345712676
D'Angelo Russell\russeda01,-16.795144950470124
Stephen Curry\curryst01,-16.181499521040585
Kyrie Irving\irvinky01,-13.91462276777623
D'Angelo Russell\russeda01,-11.109542322278735
D'Angelo Russell\russeda01,-10.05122293788255
T.J. McConnell\mccontj01,-6.156370201151539
Tomáš Satoranský\satorto01,-6.109847143385345
Rajon Rondo\rondora01,-3.6879576511063235
Shabazz Napier\napiesh01,-0.17791544211091548
Joe Ingles\inglejo01,0.17791544211092258
Jimmy Butler\butleji01,1.8675285548409448
Derrick Rose\rosede01,2.3949176958544243
Jeff Teague\teaguje01,3.6336578571440654
Giannis Antetokounmpo\antetgi01,3.8727660143451175
Lou Williams\willilo02,4.975724983382484
Domantas Sabonis\sabondo01,6.384260302570603
Bam Adebayo\adebaba01,7.450938388216265
Andre Drummond\drumman01,8.84044630954687
Eric Bledsoe\bledser01,9.267757087339177
Markelle Fultz\fultzma01,10.59794291353532
DeMar DeRozan\derozde01,11.15642054700971
Ish Smith\smithis01,13.101834282697638
Andre Drummond\drumman01,14.501152825473028
Reggie Jackson\jacksre01,14.849015828608273
Tyus Jones\jonesty01,15.984145603407349
Goran Dragić\dragigo01,16.594957446367772
Kawhi Leonard\leonaka01,16.79199810313804
Shabazz Napier\napiesh01,16.81777950323773
Zach LaVine\lavinza01,17.722961963970086
Marcus Smart\smartma01,18.18900937474865
D.J. Augustin\augusdj01,19.133383727265475
Clint Capela\capelca01,20.307395358848098
Donovan Mitchell\mitchdo01,21.07526584640815
Jordan McLaughlin\mclaujo01,21.867292084002173
Kemba Walker\walkeke02,22.591951650994915
Hassan Whiteside\whiteha01,23.548928324705464
Jamal Murray\murraja01,24.86554302850641
CJ McCollum\mccolcj01,25.008873615569478
Rudy Gobert\goberru01,25.064046979033087
Karl-Anthony Towns\townska01,26.00114316772145
Jeff Teague\teaguje01,27.523359353547484
Anthony Davis\davisan02,28.47900186914489
T.J. Warren\warretj01,28.879064051272554
Brandon Ingram\ingrabr01,29.02452235776107
Tim Frazier\fraziti01,29.222115822181117
Bruce Brown\brownbr01,29.502305127116745
J.J. Barea\bareajo01,29.562525570667344
Zion Williamson\willizi01,30.10185004628283
Collin Sexton\sextoco01,30.1259024267876
John Collins\collijo01,30.155999843825903
Brandon Knight\knighbr03,30.487971700692
Mike Conley\conlemi01,30.537585310501402
Dejounte Murray\murrade01,31.094015852163718
Caris LeVert\leverca01,31.64253957502923
Matthew Dellavedova\dellama01,32.10585034800914
Justise Winslow\winslju01,32.46359448994732
Malik Beasley\beaslma01,32.74760616994347
Nicolas Batum\batumni01,32.77045142083337
Andrew Wiggins\wiggian01,32.84643891284469
Marcus Morris\morrima03,32.96382348706245
Bojan Bogdanović\bogdabo02,33.082742026072296
Jusuf Nurkić\nurkiju01,33.491218748311425
Al Horford\horfoal01,33.55203302644526
Reggie Jackson\jacksre01,34.000008324191946
Patrick Beverley\beverpa01,34.14828212966758
Dennis Schröder\schrode01,34.197881443852566
Andrew Wiggins\wiggian01,34.3924744626588
Jayson Tatum\tatumja01,34.47665613651426
Khris Middleton\middlkh01,34.60964470788817
Joel Embiid\embiijo01,34.62235779381977
Cory Joseph\josepco01,35.32657749406599
Marc Gasol\gasolma01,35.46917038937145
Darius Garland\garlada01,35.66080048711679
Paul George\georgpa01,35.939508891506094
Evan Fournier\fournev01,36.091943480806705
Luke Kennard\kennalu01,36.344679755776994
Terry Rozier\roziete01,36.88001794952437
DeAndre Jordan\jordade01,37.12971650370915
Pascal Siakam\siakapa01,37.22242452194905
Trey Burke\burketr01,37.24957068610061
Nikola Vučević\vucevni01,37.377391029958474
Deandre Ayton\aytonde01,38.145461482053335
Shabazz Napier\napiesh01,38.23543557125117
Isaiah Thomas\thomais02,38.27778746636758
Kristaps Porziņģis\porzikr01,38.35238570486846
Chris Chiozza\chiozch01,39.03531461127428
Kris Dunn\dunnkr01,39.155493731702485
Jamal Crawford\crawfja01,39.55550818817652
Gordon Hayward\haywago01,39.62292234151151
Andrew Wiggins\wiggian01,39.681813615469764
Delon Wright\wrighde01,39.79042163018558
Andre Drummond\drumman01,39.99108708837678
Jaylen Brown\brownja02,40.00940168244635
Monte Morris\morrimo01,40.07302171974055
Jonas Valančiūnas\valanjo01,40.13144429213193
Kelly Oubre Jr.\oubreke01,40.44775757610806
Jaren Jackson Jr.\jacksja02,40.5075028254159
James Johnson\johnsja01,40.59721260592535
Kevin Huerter\huertke01,40.80790045400622
Aaron Gordon\gordoaa01,41.536286294641656
Derrick Favors\favorde01,41.72561549544708
Danilo Gallinari\gallida01,41.79380398373057
Chris Chiozza\chiozch01,41.83889575079806
Frank Mason III\masonfr01,42.22904883650986
Buddy Hield\hieldbu01,42.30961638289579
Jalen Brunson\brunsja01,42.96660935551243
Chris Chiozza\chiozch01,42.99293677213173
Aaron Holiday\holidaa01,43.04830983237527
Jordan Clarkson\clarkjo01,43.31375415337665
Tristan Thompson\thomptr01,43.53619867910653
Kendrick Nunn\nunnke01,43.60452335062374
Kevin Love\loveke01,43.629844214822896
Montrezl Harrell\harremo01,43.63439784310562
Eric Gordon\gordoer01,43.720136318980245
Julius Randle\randlju01,43.809969582675116
Derrick White\whitede01,44.20101416435026
Marcus Morris\morrima03,44.30453641066232
Will Barton\bartowi01,44.40907233697126
Frank Ntilikina\ntilila01,44.49045986234718
Dennis Smith Jr.\smithde03,44.50822798956975
Terrence Ross\rosste01,44.671138737736555
Steven Adams\adamsst01,44.73547687999212
Shai Gilgeous-Alexander\gilgesh01,45.026515501298405
Bogdan Bogdanović\bogdabo01,45.07743809733477
Tobias Harris\harrito02,45.393505476484144
J.J. Redick\redicjj01,45.49383163244651
Jordan Clarkson\clarkjo01,45.80756799477866
Dillon Brooks\brookdi01,45.9849915971631
Jarrett Allen\allenja01,46.16985163981506
Tim Hardaway Jr.\hardati02,46.41309073182342
Norman Powell\powelno01,46.511894901942796
Marvin Bagley III\baglema01,46.55013373699981
Reggie Jackson\jacksre01,46.7122283781635
Wendell Carter Jr.\cartewe01,46.716487902661726
LaMarcus Aldridge\aldrila01,47.1711896176207
Royce O'Neale\onealro01,47.468942833947494
Jordan Clarkson\clarkjo01,47.80313210459854
George Hill\hillge01,48.02760912354117
Blake Griffin\griffbl01,48.1167109620564
Eric Mika\mikaer01,48.15177380142461
Ky Bowman\bowmaky01,48.15201638221427
De'Anthony Melton\meltode01,48.25593624616025
Brandon Knight\knighbr03,48.49422892855395
Dewayne Dedmon\dedmode01,48.56442185831273
Andre Iguodala\iguodan01,48.653723790778436
Serge Ibaka\ibakase01,48.721509367136775
Alec Burks\burksal01,48.89000319831358
Jeremy Pargo\pargoje01,49.113795071137346
Jae Crowder\crowdja01,49.81891956774828
Dāvis Bertāns\bertada01,49.92595933851303
Josh Richardson\richajo01,50.10441797460268
Tyler Johnson\johnsty01,50.11107423477989
Richaun Holmes\holmeri01,50.19961128674093
Duncan Robinson\robindu01,50.40073646314799
Mason Plumlee\plumlma01,50.472294649386356
Kyle Anderson\anderky01,50.490389551356905
Dusty Hannahs\hannadu01,50.52016729616555
Victor Oladipo\oladivi01,50.66449863586878
Alec Burks\burksal01,50.77401983656811
Carmelo Anthony\anthoca01,50.78615337941835
Cameron Payne\payneca01,50.96325243589143
Paul Watson\watsopa01,51.20871596752924
Derrick Walton\waltode01,51.21139610563796
Dion Waiters\waitedi01,51.4987608480936
Nemanja Bjelica\bjeline01,51.6373435860677
Patty Mills\millspa02,51.83146808722012
Dwight Howard\howardw01,51.89295255521402
Christian Wood\woodch01,51.94373952561912
Caleb Swanigan\swanica01,51.95873385367129
Trey Burke\burketr01,51.97135804458294
Mitchell Robinson\robinmi01,52.1860968109358
Brad Wanamaker\wanambr01,52.2474645229393
Lauri Markkanen\markkla01,52.36975720644733
Jordan McRae\mcraejo01,52.38735910902345
Kyle O'Quinn\oquinky01,52.425753494840116
Larry Nance Jr.\nancela02,52.44268928749784
Coby White\whiteco01,52.492954075208885
Seth Curry\curryse01,52.523507052921005
Evan Turner\turneev01,52.565651352671566
Jakob Poeltl\poeltja01,52.566879878085736
Ben McLemore\mclembe01,52.64756340329305
Ivica Zubac\zubaciv01,52.692188242520906
Elie Okobo\okoboel01,52.717576074915634
Chasson Randle\randlch01,52.728252987018074
Enes Kanter\kanteen01,52.76396875422913
Shake Milton\miltosh01,52.76594505763688
Kenrich Williams\willike04,52.90242609651075
Robert Covington\covinro01,52.925865638807764
Joe Harris\harrijo01,53.22562265376579
Juan Hernangómez\hernaju01,53.23368088337255
Jabari Parker\parkeja01,53.23812746159849
P.J. Tucker\tuckepj01,53.31380219286461
Kadeem Allen\allenka01,53.35001575590788
Troy Brown Jr.\browntr01,53.725446079606144
Patrick McCaw\mccawpa01,53.73701337552822
RJ Barrett\barrerj01,53.82790656001366
Jerami Grant\grantje01,53.836554255783525
Bryn Forbes\forbebr01,53.87236698901157
Michael Carter-Williams\cartemi01,54.09021897460527
Robert Covington\covinro01,54.158074581394644
Harrison Barnes\barneha02,54.18040317956984
Kyle Kuzma\kuzmaky01,54.18478074806109
Jae Crowder\crowdja01,54.199330112591824
PJ Dozier\doziepj01,54.22318880344666
Damion Lee\leeda03,54.27354988158302
Jordan Poole\poolejo01,54.27522716532686
Jeff Green\greenje02,54.28480304662936
Alex Len\lenal01,54.29655857061766
Juan Toscano-Anderson\toscaju01,54.40574660495862
Eric Paschall\pascher01,54.6376175505497
Myles Turner\turnemy01,54.67402895892137
Tyler Herro\herroty01,54.7300632471682
Trey Burke\burketr01,54.73805346127502
Thomas Bryant\bryanth01,54.77735531253368
Cody Martin\martico01,54.810995965200995
Jordan McRae\mcraejo01,54.82245772323221
Robert Covington\covinro01,54.842225115356
Zach Collins\colliza01,54.92495899159383
Jake Layman\laymaja01,54.9303214531978
Jabari Parker\parkeja01,54.93975195778217
Malik Beasley\beaslma01,54.95366848136814
Doug McDermott\mcderdo01,54.984941668889114
Alec Burks\burksal01,54.990623464576984
Gary Trent Jr.\trentga02,55.10913206879044
Mychal Mulder\muldemy01,55.11889316706365
Dion Waiters\waitedi01,55.1452989417458
Jarrod Uthoff\uthofja01,55.1840008145061
Garrett Temple\templga01,55.239997680359636
Jeremiah Martin\martije02,55.278916477842785
Luka Šamanić\samanlu01,55.314612167806686
Dewayne Dedmon\dedmode01,55.405417509777635
Cody Zeller\zelleco01,55.40790539644699
Tony Snell\snellto01,55.42702522946544
Jonathan Isaac\isaacjo01,55.44421300695912
JaMychal Green\greenja01,55.47984489018616
Keita Bates-Diop\bateske01,55.52292075793708
Dragan Bender\bendedr01,55.541037364819594
Brandon Knight\knighbr03,55.550812385046626
Furkan Korkmaz\korkmfu01,55.567519188283356
JaVale McGee\mcgeeja01,55.621908810592544
Rui Hachimura\hachiru01,55.65418553882227
Naz Mitrou-Long\mitrona01,55.660319386156495
Malik Newman\newmama01,55.79478253139901
Donta Hall\halldo01,55.837629571916324
Daniel Theis\theisda01,55.86054369431805
Cedi Osman\osmande01,55.865562600821164
Joakim Noah\noahjo01,55.885478869372754
Caleb Swanigan\swanica01,55.94606553678878
Theo Pinson\pinsoth01,55.9953518124267
Langston Galloway\gallola01,56.03358601091
Gary Payton II\paytoga02,56.090149486857975
Otto Porter\porteot01,56.09080647547746
Donte DiVincenzo\divindo01,56.09982856216637
Solomon Hill\hillso01,56.10165544652693
James Johnson\johnsja01,56.12113157709341
Raul Neto\netora01,56.19023082688873
Glenn Robinson III\robingl02,56.20018993752194
Marquese Chriss\chrisma01,56.23415801167228
Justin Wright-Foreman\wrighju02,56.24621446934845
Al-Farouq Aminu\aminual01,56.26546160960052
Max Strus\strusma01,56.27684546947386
Brandon Clarke\clarkbr01,56.286092284707145
Ed Davis\davised01,56.304075134896394
Landry Shamet\shamela01,56.31004762914792
Willie Cauley-Stein\caulewi01,56.311975368715515
Miles Bridges\bridgmi02,56.39629990591701
Jeremy Lamb\lambje01,56.45271764991848
Jared Harper\harpeja01,56.47134712515692
Emmanuel Mudiay\mudiaem01,56.49715262045431
Jacob Evans\evansja02,56.513910004882305
J.P. Macura\macurjp01,56.513910004882305
Edmond Sumner\sumneed01,56.519304274632745
Alex Caruso\carusal01,56.56832785876253
Sviatoslav Mykhailiuk\mykhasv01,56.57174402281475
Marques Bolden\boldema01,56.62892432162743
Josh Hart\hartjo01,56.6289559038918
Nickeil Alexander-Walker\alexani01,56.638152676198274
Dewayne Dedmon\dedmode01,56.648086807769324
Gary Harris\harriga01,56.679358681240124
Jarrod Uthoff\uthofja01,56.700779942947975
Johnathan Williams\willijo04,56.71679461343298
DeAndre' Bembry\bembrde01,56.72220485535592
Devon Hall\hallde01,56.74490063480809
Malik Monk\monkma01,56.75433698592414
Brook Lopez\lopezbr01,56.76037561099741
Jonah Bolden\boldejo01,56.79780205054138
Jarrod Uthoff\uthofja01,56.79780205054138
Sindarius Thornwell\thornsi01,56.82645641448143
Jeff Green\greenje02,56.82665469016886
Trey Lyles\lylestr01,56.84403686556601
Jordan McRae\mcraejo01,56.86896230712883
Kevin Porter Jr.\porteke02,56.875867221698755
De'Andre Hunter\huntede01,56.91393455919509
Zach Norvell\norveza01,56.94153203292873
Timothé Luwawu-Cabarrot\luwawti01,56.9584420013367
Gorgui Dieng\dienggo01,56.96308936802682
Dario Šarić\saricda01,56.97745201930628
Ryan Anderson\anderry01,56.990680168524435
Quinndary Weatherspoon\weathqu01,56.992588173692084
Udonis Haslem\hasleud01,56.993074306598366
Donta Hall\halldo01,57.00021685970594
Josh Gray\grayjo01,57.002664489154476
Jarred Vanderbilt\vandeja01,57.020380049294744
Rodney Hood\hoodro01,57.02689166139211
Bismack Biyombo\biyombi01,57.02719788798004
Isaiah Roby\robyis01,57.038125400360066
Luc Mbah a Moute\mbahalu01,57.040532793583054
Taurean Prince\princta02,57.0448186406212
P.J. Washington\washipj01,57.07131376791276
Glenn Robinson III\robingl02,57.07965833116679
Willie Cauley-Stein\caulewi01,57.10817824624753
Alex Len\lenal01,57.10921220248031
Chris Boucher\bouchch01,57.11168083428931
Tremont Waters\watertr01,57.12327574519992
Ryan Arcidiacono\arcidry01,57.12642711273872
Marvin Williams\willima02,57.13277414775856
Cristiano Felício\feliccr01,57.13806818608403
Michael Porter Jr.\portemi01,57.15821695661586
Kentavious Caldwell-Pope\caldwke01,57.169811289537336
Dragan Bender\bendedr01,57.185121775840365
Tony Bradley\bradlto01,57.18707325280621
Jonah Bolden\boldejo01,57.197747280854855
Terance Mann\mannte01,57.21756139006617
Mfiondu Kabengele\kabenmf01,57.23575131270151
Joe Chealey\chealjo01,57.25766364036038
Tyler Johnson\johnsty01,57.25923721256655
Daryl Macon\maconda01,57.31366121791519
Pat Connaughton\connapa01,57.314870243554616
Tyler Zeller\zellety01,57.33356231382053
Skal Labissière\labissk01,57.34501191291903
Rondae Hollis-Jefferson\holliro01,57.38216503739719
Tariq Owens\owensta01,57.38729195234814
William Howard\howarwi01,57.395555870774814
Trevor Ariza\arizatr01,57.425662546729555
Charlie Brown\brownch02,57.43839495453215
Troy Daniels\danietr01,57.45094767103793
Michael Kidd-Gilchrist\kiddgmi01,57.460178806199295
Paul Millsap\millspa01,57.464077619167824
Brian Bowen\bowenbr02,57.46435354788901
Khem Birch\birchkh01,57.48517032555931
Kyle Alexander\alexaky01,57.49508052488536
Antonius Cleveland\clevean01,57.498167018104574
Solomon Hill\hillso01,57.5000155916184
Ian Mahinmi\mahinia01,57.51444898246956
Jonah Bolden\boldejo01,57.52157698066101
Khyri Thomas\thomakh01,57.53308301312155
Andre Roberson\roberan03,57.53717381393215
Stanton Kidd\kiddst01,57.53916475869361
Melvin Frazier\frazime01,57.540933872052186
Jerian Grant\grantje02,57.55304392150756
Jae Crowder\crowdja01,57.55519386495682
Keldon Johnson\johnske04,57.57843538858781
Tyler Cook\cookty01,57.57857011701634
Jeff Green\greenje02,57.59406547585275
Aron Baynes\baynear01,57.610563816853784
Alex Len\lenal01,57.63423251819119
Jordan Bone\bonejo01,57.663674503381245
Ty Jerome\jeromty01,57.694623189775385
Tyler Cook\cookty01,57.697568928466424
Tyson Chandler\chandty01,57.69997909634331
Donta Hall\halldo01,57.70173253596641
Boban Marjanović\marjabo01,57.70638542017767
Zhaire Smith\smithzh01,57.72077323243575
Mo Bamba\bambamo01,57.72753655035349
Kyle Guy\guyky01,57.732577229049
Gorgui Dieng\dienggo01,57.74321423678425
Henry Ellenson\ellenhe01,57.77255719110732
John Henson\hensojo01,57.79921938278703
Gorgui Dieng\dienggo01,57.809197854727636
Derrick Walton\waltode01,57.82280354569459
Tyler Cook\cookty01,57.83174036635636
Markieff Morris\morrima02,57.84943425591681
Tacko Fall\fallta01,57.86343797631285
Troy Daniels\danietr01,57.86681032971903
Matt Mooney\moonema01,57.89129741930497
Vlatko Čančar\cancavl01,57.89622979416985
Moses Brown\brownmo01,57.907172164717764
Michael Frazier\frazimi01,57.910250752796756
John Konchar\konchjo01,57.94365088292722
Jarred Vanderbilt\vandeja01,57.95493677420102
Yogi Ferrell\ferreyo01,57.97296699013218
Justin Robinson\robinju01,57.977893570776736
Danuel House\houseda01,57.99527821429372
Trevor Ariza\arizatr01,58.00488806625342
Shamorie Ponds\pondssh01,58.00514257191345
Amile Jefferson\jeffeam01,58.0103373327583
Jarrell Brantley\brantja01,58.01190402947766
Grayson Allen\allengr01,58.014498267816386
Garrison Mathews\mathega01,58.01464404233604
Jarred Vanderbilt\vandeja01,58.01505008545487
Jalen Lecque\lecquja01,58.02373715104384
Meyers Leonard\leoname01,58.03209051231353
Jaylen Nowell\nowelja01,58.039929788045505
Jerome Robinson\robinje01,58.05150263199556
Derrick Walton\waltode01,58.054080460154154
Dion Waiters\waitedi01,58.05415910472848
Caleb Swanigan\swanica01,58.068707628048536
Malik Beasley\beaslma01,58.116600301705624
Cam Reddish\reddica01,58.12410544960744
KZ Okpala\okpalkz01,58.12441386719562
Allonzo Trier\trieral01,58.12719892892797
Dorian Finney-Smith\finnedo01,58.127301160215765
Troy Daniels\danietr01,58.132179413065856
Rayjon Tucker\tuckera01,58.13906164281848
Norvel Pelle\pelleno01,58.15776330681419
Avery Bradley\bradlav01,58.18830828277418
Dwight Powell\poweldw01,58.19200678436028
Gary Clark\clarkga01,58.20039625442913
Malcolm Miller\millema01,58.20449071310989
Devontae Cacok\cacokde01,58.204757587782744
C.J. Miles\milescj01,58.209449852562706
Kostas Antetokounmpo\antetko01,58.228859116846166
Rudy Gay\gayru01,58.235353161880234
Alize Johnson\johnsal02,58.27342385343508
Anthony Tolliver\tollian01,58.27350227831243
Abdel Nader\naderab01,58.28128107235622
Ignas Brazdeikis\brazdig01,58.281756607177954
Nigel Williams-Goss\willini01,58.283948827046785
Kent Bazemore\bazemke01,58.31143733845338
Dragan Bender\bendedr01,58.31258464491485
Tyler Johnson\johnsty01,58.31503096940685
Corey Brewer\breweco01,58.32247509781971
Wenyen Gabriel\gabriwe01,58.34899621856603
Willie Cauley-Stein\caulewi01,58.35343172398185
Chris Clemons\clemoch01,58.35392486000532
Dean Wade\wadede01,58.366618291184636
Matt Thomas\thomama02,58.38368617941243
Sekou Doumbouya\doumbse01,58.3928287706486
OG Anunoby\anunoog01,58.39483002094154
Courtney Lee\leeco01,58.43608074427802
Austin Rivers\riverau01,58.446005004959225
Anfernee Simons\simonan01,58.45076092046135
Adam Mokoka\mokokad01,58.45791252476623
David Nwaba\nwabada01,58.466622363439626
Josh Magette\magetjo01,58.484988980455945
Frank Jackson\jacksfr01,58.50004633603285
Noah Vonleh\vonleno01,58.503292460487735
Jordan McRae\mcraejo01,58.50405328237155
Ante Žižić\zizican01,58.506274354336156
Yuta Watanabe\watanyu01,58.508097659997006
Noah Vonleh\vonleno01,58.50897269052912
Josh Reaves\reavejo02,58.51819351438345
Ersan İlyasova\ilyaser01,58.53757988388698
Gabe Vincent\vincega01,58.55230351557681
John Henson\hensojo01,58.574089850091596
Juwan Morgan\morgaju01,58.59646487187709
J.R. Smith\smithjr01,58.611455473064154
E'Twaun Moore\mooreet01,58.617442087946905
Thaddeus Young\youngth01,58.620718772997506
Kevon Looney\looneke01,58.62082886180571
Talen Horton-Tucker\hortota01,58.62508044655519
Justin Patton\pattoju01,58.62897644093996
Maxi Kleber\klebima01,58.63510761438733
Frank Kaminsky\kaminfr01,58.63542990753798
Glenn Robinson III\robingl02,58.65005716614694
B.J. Johnson\johnsbj01,58.65444954692587
Nerlens Noel\noelne01,58.664198559860445
Jared Dudley\dudleja01,58.66850694495414
Marcus Morris\morrima03,58.68334814573156
Jerome Robinson\robinje01,58.68898916767793
Bobby Portis\portibo01,58.72050118232132
Markieff Morris\morrima02,58.720616019360115
Wenyen Gabriel\gabriwe01,58.72970701550504
Johnathan Motley\motlejo01,58.73293512734426
Wenyen Gabriel\gabriwe01,58.74584795817786
Justin James\jamesju01,58.76133452480365
Bruno Caboclo\cabocbr01,58.76700246478681
Robert Williams\williro04,58.76994144038793
Jaylen Hoard\hoardja01,58.77038710349507
T.J. Leaf\leaftj01,58.78763634851514
Louis King\kinglo02,58.79532090653417
Kevin Hervey\herveke01,58.797218987795
Reggie Bullock\bullore01,58.79965173658519
Vincent Poirier\poirivi01,58.815732781885664
Marial Shayok\shayoma01,58.8254010255639
Trevor Ariza\arizatr01,58.82692892829922
Michael Kidd-Gilchrist\kiddgmi01,58.8318209647291
Georges Niang\niangge01,58.838003984507466
Luguentz Dort\dortlu01,58.84076533074468
Vic Law\lawvi01,58.84216165713856
Oshae Brissett\brissos01,58.84216165713856
Romeo Langford\langfro01,58.89635896704772
Kelly Olynyk\olynyke01,58.92289116184958
Josh Jackson\jacksjo02,58.93050796005553
Zach Norvell\norveza01,58.95203150848213
Alfonzo McKinnie\mckinal01,58.963023066849246
Amir Coffey\coffeam01,58.96313197733652
Quinn Cook\cookqu01,58.96694715185823
Dante Exum\exumda01,58.97413893528811
DaQuan Jeffries\jeffrda01,58.98038488779247
Thabo Sefolosha\sefolth01,58.98166988979916
Miye Oni\onimi01,59.00816492322537
Maurice Harkless\harklma01,59.00832912970489
Deonte Burton\burtode02,59.01035554916969
Chris Silva\silvach01,59.01767499644449
James Ennis\ennisja01,59.019876213337874
DeMarre Carroll\carrode01,59.02553005732982
Dewan Hernandez\hernade01,59.02688625809515
Jarrett Culver\culveja01,59.04454607117007
DeMarre Carroll\carrode01,59.0533467658657
Cameron Johnson\johnsca02,59.062357420040186
Mikal Bridges\bridgmi01,59.06332208338185
Moritz Wagner\wagnemo01,59.06794798922318
Jordan Bell\belljo01,59.072705789759446
Jevon Carter\carteje01,59.10820209184941
Stanley Johnson\johnsst04,59.11821048043171
Noah Vonleh\vonleno01,59.1183163658716
Daniel Gafford\gaffoda01,59.132136556941475
Gary Clark\clarkga01,59.14728261168206
Drew Eubanks\eubandr01,59.165922494564576
Marco Belinelli\belinma01,59.16619371046038
Brandon Goodwin\goodwbr01,59.167545804962224
Taj Gibson\gibsota01,59.16825847311901
Damian Jones\jonesda03,59.16882801170111
Admiral Schofield\schofad01,59.169466974853734
Bruno Caboclo\cabocbr01,59.170110402813776
Goga Bitadze\bitadgo01,59.17479077295833
Thanasis Antetokounmpo\antetth01,59.17536905593328
Isaiah Hartenstein\harteis01,59.18415254276537
Jerome Robinson\robinje01,59.195124165136306
Darius Bazley\bazleda01,59.21458423560372
Keita Bates-Diop\bateske01,59.22154798627049
Damyean Dotson\dotsoda01,59.22199179163649
Anžejs Pasečņiks\pasecan01,59.2242045868453
Chandler Hutchison\hutchch01,59.228615954311806
Naz Reid\reidna01,59.240969761900615
Carsen Edwards\edwarca01,59.24581111082787
Allen Crabbe\crabbal01,59.253878793299684
Juan Hernangómez\hernaju01,59.27155901686051
Tyrone Wallace\wallaty01,59.291035339745164
Grant Williams\willigr01,59.30145416993003
Chandler Parsons\parsoch01,59.303073404756496
Jalen McDaniels\mcdanja01,59.31372036641717
Jacob Evans\evansja02,59.318154220889966
Anthony Tolliver\tollian01,59.32130166763347
Omari Spellman\spellom01,59.32418263801712
Jordan Bell\belljo01,59.33066663386138
Cheick Diallo\diallch01,59.34175347084984
Willy Hernangómez\hernawi01,59.34507620622818
Bruno Caboclo\cabocbr01,59.34717977146876
Derrick Jones Jr.\jonesde02,59.353921890794325
Zach Norvell\norveza01,59.35531244667349
Matisse Thybulle\thybuma01,59.362022015029304
Kelan Martin\martike03,59.364766686625316
Jabari Parker\parkeja01,59.381255613800796
Juan Hernangómez\hernaju01,59.38264382902142
Justin Anderson\anderju01,59.386815210091285
Terrance Ferguson\fergute01,59.39117405754694
Javonte Green\greenja02,59.41044998299017
Bruno Fernando\fernabr01,59.41303743529318
Keita Bates-Diop\bateske01,59.428810300983635
Denzel Valentine\valende01,59.43150910905444
Jacob Evans\evansja02,59.43269570069471
Jaxson Hayes\hayesja02,59.43964338220296
Jordan Bell\belljo01,59.44586033512426
Rodney McGruder\mcgruro01,59.45034227021654
Semi Ojeleye\ojelese01,59.45549599382186
Hamidou Diallo\diallha01,59.46613569003364
Zylan Cheatham\cheatzy01,59.467659479405036
Nassir Little\littlna01,59.47662770832912
Markieff Morris\morrima02,59.476913303397176
Josh Okogie\okogijo01,59.48209863983183
John Henson\hensojo01,59.484208174390595
Kyle Korver\korveky01,59.49000153980946
Wesley Matthews\matthwe02,59.518960059248094
Dante Exum\exumda01,59.52602045669789
Maurice Harkless\harklma01,59.535797082453406
Paul Watson\watsopa01,59.54350128142153
Chimezie Metu\metuch01,59.545387039393674
Isaac Bonga\bongais01,59.56414683851512
Wilson Chandler\chandwi01,59.57728176048682
DeMarre Carroll\carrode01,59.58068561004532
Wayne Ellington\ellinwa01,59.58306680690439
Paul Watson\watsopa01,59.59400428894311
Terence Davis\daviste02,59.59842944434616
Kent Bazemore\bazemke01,59.59863603658913
Anthony Tolliver\tollian01,59.615626448110234
Marko Guduric\gudurma01,59.61879181823908
Caleb Martin\martica02,59.624354472371415
Lance Thomas\thomala01,59.63137557706838
Robin Lopez\lopezro01,59.65313295212376
Justin Holiday\holidju01,59.653851849837004
Treveon Graham\grahatr01,59.677197281214276
JaKarr Sampson\sampsja02,59.686783461468586
Nicolas Claxton\claxtni01,59.705714874207416
Ryan Broekhoff\broekry01,59.719887492096646
Jahlil Okafor\okafoja01,59.724781935029505
Mario Hezonja\hezonma01,59.725527930246706
Dante Exum\exumda01,59.73928699219113
Maurice Harkless\harklma01,59.74887518981517
D.J. Wilson\wilsodj01,59.75078458676858
Luke Kornet\kornelu01,59.763106021728014
Mike Scott\scottmi01,59.767678552485606
Michael Kidd-Gilchrist\kiddgmi01,59.78123284851852
Harry Giles\gilesha01,59.80128359576835
Lonnie Walker\walkelo01,59.819004943177774
Danny Green\greenda02,59.83364905103825
Rodions Kurucs\kurucro01,59.8366244110049
Sterling Brown\brownst02,59.84588113827721
Gary Clark\clarkga01,59.850347155592246
Vince Carter\cartevi01,59.851497848663904
Marvin Williams\willima02,59.86267549504223
Justin Jackson\jacksju01,59.86380894455518
Shaquille Harrison\harrish01,59.865428350467035
Alen Smailagić\smailal01,59.8731310363533
James Ennis\ennisja01,59.8752516473882
Kevin Knox\knoxke01,59.880557100112114
Patrick Patterson\pattepa01,59.88531069725746
Kent Bazemore\bazemke01,59.88598129786044
Solomon Hill\hillso01,59.887950352400594
Thon Maker\makerth01,59.899409611687744
Dwayne Bacon\bacondw01,59.92531984058313
Torrey Craig\craigto01,59.94035126994733
James Ennis\ennisja01,59.94497051263114
Džanan Musa\musadz01,59.94929474835553
Nicolò Melli\mellini01,59.9526819601613
Iman Shumpert\shumpim01,59.97351401839299
Allen Crabbe\crabbal01,59.998936297873215
Treveon Graham\grahatr01,60.00821625935015
Anthony Tolliver\tollian01,60.0523619413089
Wesley Iwundu\iwundwe01,60.067791830068124
Mike Muscala\muscami01,60.08271000341076
Allen Crabbe\crabbal01,60.0977740618336
Bol Bol\bolbo01,60.10636986732081
James Johnson\johnsja01,60.13495390354451
Treveon Graham\grahatr01,60.144312702032835
Marvin Williams\willima02,60.20574693289586
