Player,Score
LeBron James\jamesle01,-74.33981355068556
Luka Dončić\doncilu01,-71.8571167969508
Giannis Antetokounmpo\antetgi01,-70.14745361099787
Trae Young\youngtr01,-69.7019808847937
James Harden\hardeja01,-69.17720521744337
Damian Lillard\lillada01,-58.252190377023226
Andre Drummond\drumman01,-55.30956510655449
Andre Drummond\drumman01,-50.45409350519145
Russell Westbrook\westbru01,-47.847860225511795
Bradley Beal\bealbr01,-45.243560397064016
Karl-Anthony Towns\townska01,-42.38650639322276
Nikola Jokić\jokicni01,-39.372683788729944
Kyrie Irving\irvinky01,-39.036830951981415
Domantas Sabonis\sabondo01,-38.42566930621285
Ricky Rubio\rubiori01,-37.78192102944058
Ben Simmons\simmobe01,-37.32108014232705
Clint Capela\capelca01,-37.21036455082634
Devin Booker\bookede01,-37.09188516170451
Hassan Whiteside\whiteha01,-36.38145406921103
Rudy Gobert\goberru01,-35.6146565100089
Joel Embiid\embiijo01,-35.26956409588513
Kawhi Leonard\leonaka01,-32.69399450895622
Anthony Davis\davisan02,-31.713128976873804
Kyle Lowry\lowryky01,-31.143475140031796
Devonte' Graham\grahade01,-28.982853850596655
D'Angelo Russell\russeda01,-27.861425847403382
D'Angelo Russell\russeda01,-27.495911590391415
De'Aaron Fox\foxde01,-27.401698109862593
D'Angelo Russell\russeda01,-27.158565936018988
Ja Morant\moranja01,-26.589792097930115
Spencer Dinwiddie\dinwisp01,-26.557902385361785
Nikola Vučević\vucevni01,-26.546284581517284
Deandre Ayton\aytonde01,-26.092163793756242
Stephen Curry\curryst01,-26.007304867177083
John Collins\collijo01,-24.756848950114374
Bam Adebayo\adebaba01,-24.040354237638894
Malcolm Brogdon\brogdma01,-23.735236224835603
Jrue Holiday\holidjr01,-23.681607734633985
Andre Drummond\drumman01,-22.993570173902356
Jimmy Butler\butleji01,-22.525233341226453
Zach LaVine\lavinza01,-22.155115799462806
DeMar DeRozan\derozde01,-21.883397266987856
Jusuf Nurkić\nurkiju01,-21.824121159006552
Chris Paul\paulch01,-21.76703241708168
Jonas Valančiūnas\valanjo01,-21.241974099002334
Lonzo Ball\balllo01,-20.99451070122035
Elfrid Payton\paytoel01,-20.60311945722458
Fred VanVleet\vanvlfr01,-20.403840138449482
Brandon Ingram\ingrabr01,-19.658490364280226
Kristaps Porziņģis\porzikr01,-19.572457902378858
Julius Randle\randlju01,-19.561840770567812
Donovan Mitchell\mitchdo01,-18.63239198733544
Pascal Siakam\siakapa01,-18.2107456080696
Jayson Tatum\tatumja01,-17.59956194844864
Kevin Love\loveke01,-17.42369902101018
CJ McCollum\mccolcj01,-14.977632611961894
Derrick Rose\rosede01,-14.645628989004194
Draymond Green\greendr01,-14.416162583759956
Lou Williams\willilo02,-14.255583824228097
Khris Middleton\middlkh01,-14.198186715878478
Andrew Wiggins\wiggian01,-13.715017883502469
Zion Williamson\willizi01,-13.48925198231018
Kemba Walker\walkeke02,-13.200883324917356
Paul George\georgpa01,-13.109745337014374
Tristan Thompson\thomptr01,-12.895478433791084
Jeff Teague\teaguje01,-12.807553590075145
Andrew Wiggins\wiggian01,-12.362859869243607
DeAndre Jordan\jordade01,-11.86984928863518
Derrick Favors\favorde01,-11.033751604619965
J.P. Macura\macurjp01,-10.656155567429437
Jacob Evans\evansja02,-10.656155567429437
Jarrett Allen\allenja01,-10.407583938948903
Tobias Harris\harrito02,-10.204858084686009
Wendell Carter Jr.\cartewe01,-10.089990091466518
Jamal Murray\murraja01,-10.073129166764659
Jared Harper\harpeja01,-9.728149557286542
LaMarcus Aldridge\aldrila01,-9.43483831080124
Zach Norvell\norveza01,-9.41120076065539
Jaylen Brown\brownja02,-9.310690375884121
Eric Bledsoe\bledser01,-9.260905814522346
Gordon Hayward\haywago01,-9.034213338004747
Joe Chealey\chealjo01,-8.984943142085001
Isaiah Roby\robyis01,-8.965966024999545
Steven Adams\adamsst01,-8.79670977898735
Goran Dragić\dragigo01,-8.66747139510278
Caris LeVert\leverca01,-8.615490971333372
Daryl Macon\maconda01,-8.59876813970834
Jonah Bolden\boldejo01,-8.578836306897529
Jarrod Uthoff\uthofja01,-8.578836306897529
Collin Sexton\sextoco01,-8.295253903396087
Montrezl Harrell\harremo01,-8.27178491970244
Malik Newman\newmama01,-8.208996326223826
Jarred Vanderbilt\vandeja01,-8.099835426566187
Malik Beasley\beaslma01,-8.068020328882255
Serge Ibaka\ibakase01,-7.844378615134588
Stanton Kidd\kiddst01,-7.748928356808165
Antonius Cleveland\clevean01,-7.51613714996563
Reggie Jackson\jacksre01,-7.467095513686843
Zhaire Smith\smithzh01,-7.447355164385158
Shai Gilgeous-Alexander\gilgesh01,-7.3477684497179325
Dennis Schröder\schrode01,-7.322240056393525
Kyle Guy\guyky01,-7.206184876413204
Andrew Wiggins\wiggian01,-7.194694175630218
Matt Mooney\moonema01,-7.066700340782688
Aaron Gordon\gordoaa01,-7.045098774923304
Kelly Oubre Jr.\oubreke01,-6.96839966458117
Marcus Morris\morrima03,-6.878732963465836
Luc Mbah a Moute\mbahalu01,-6.824831227541438
Marques Bolden\boldema01,-6.816964878795943
William Howard\howarwi01,-6.766450032936234
Henry Ellenson\ellenhe01,-6.744023394554233
Vlatko Čančar\cancavl01,-6.712295629973028
Tariq Owens\owensta01,-6.670288441930495
Brian Bowen\bowenbr02,-6.6631551603896355
Jarred Vanderbilt\vandeja01,-6.620252093903559
Khyri Thomas\thomakh01,-6.518925313222098
Charlie Brown\brownch02,-6.487026385913168
Terry Rozier\roziete01,-6.472159687730482
Max Strus\strusma01,-6.429565569978479
Jarred Vanderbilt\vandeja01,-6.414082261375654
Caleb Swanigan\swanica01,-6.400744310952575
Bojan Bogdanović\bogdabo02,-6.383988936838307
Tomáš Satoranský\satorto01,-6.369838193675037
Malcolm Miller\millema01,-6.19232845150367
Kyle Alexander\alexaky01,-6.162571548213066
Melvin Frazier\frazime01,-6.141748686798223
Kostas Antetokounmpo\antetko01,-6.0733657897505395
T.J. Warren\warretj01,-6.070728756337985
Tyler Cook\cookty01,-6.045794466528264
Amile Jefferson\jeffeam01,-6.043928869383478
Jonah Bolden\boldejo01,-6.003206973907027
Jeff Teague\teaguje01,-5.975690814588347
Dewayne Dedmon\dedmode01,-5.951086678466311
Jalen Lecque\lecquja01,-5.863377456536568
KZ Okpala\okpalkz01,-5.853598911462427
Jordan Bone\bonejo01,-5.76189999650984
Richaun Holmes\holmeri01,-5.732001844185163
Anthony Tolliver\tollian01,-5.644586487894742
Buddy Hield\hieldbu01,-5.562558068850876
Marvin Bagley III\baglema01,-5.556466984260737
Tyler Cook\cookty01,-5.542837058430962
Nigel Williams-Goss\willini01,-5.524811749443927
Shamorie Ponds\pondssh01,-5.5083029655150995
Ignas Brazdeikis\brazdig01,-5.502516498146633
Tyler Zeller\zellety01,-5.48308790170978
Michael Frazier\frazimi01,-5.472615603459985
Moses Brown\brownmo01,-5.404784210229991
Wenyen Gabriel\gabriwe01,-5.383310697881882
Jarrod Uthoff\uthofja01,-5.356777403524347
Markelle Fultz\fultzma01,-5.282832365303705
Shabazz Napier\napiesh01,-5.234431062339581
Joe Ingles\inglejo01,-5.150318397011915
Derrick Walton\waltode01,-5.055859205737875
Justin Robinson\robinju01,-5.0501908097648425
Eric Mika\mikaer01,-5.037240391660873
Quinndary Weatherspoon\weathqu01,-5.015730599326901
Evan Fournier\fournev01,-4.973031019141899
Paul Watson\watsopa01,-4.972389177954028
Josh Magette\magetjo01,-4.967610750313327
T.J. McConnell\mccontj01,-4.871272200001442
Noah Vonleh\vonleno01,-4.766965585077287
Justin Patton\pattoju01,-4.766347021069578
Corey Brewer\breweco01,-4.684742540187017
Danilo Gallinari\gallida01,-4.661859969101954
Yuta Watanabe\watanyu01,-4.65710259452635
Marcus Smart\smartma01,-4.5769767503016965
Dean Wade\wadede01,-4.471825355576186
Juwan Morgan\morgaju01,-4.461811071688373
Rajon Rondo\rondora01,-4.459003678744864
Tyler Cook\cookty01,-4.308446190307109
Josh Gray\grayjo01,-4.291592251797738
Louis King\kinglo02,-4.258495887476727
Robert Covington\covinro01,-4.249367761724727
Kevin Hervey\herveke01,-4.21633589356378
Johnathan Motley\motlejo01,-4.1853116191122695
Jared Dudley\dudleja01,-4.181420386175546
Gabe Vincent\vincega01,-4.169543404008323
Michael Kidd-Gilchrist\kiddgmi01,-4.096492800132864
Will Barton\bartowi01,-4.056384959002401
Derrick Walton\waltode01,-3.9613798370808126
Dusty Hannahs\hannadu01,-3.945707540173373
Justin James\jamesju01,-3.9332227091366008
Oshae Brissett\brissos01,-3.9306303575269226
Vic Law\lawvi01,-3.9306303575269226
Mfiondu Kabengele\kabenmf01,-3.9265558334226967
Josh Reaves\reavejo02,-3.922175100832476
Tyson Chandler\chandty01,-3.920944244830082
Al Horford\horfoal01,-3.8906451849738914
Devon Hall\hallde01,-3.857036900027481
J.R. Smith\smithjr01,-3.846701328703489
Adam Mokoka\mokokad01,-3.829561567680173
Ish Smith\smithis01,-3.7508687821740523
Rayjon Tucker\tuckera01,-3.74922344657881
Jonah Bolden\boldejo01,-3.6766764482728718
Zach Norvell\norveza01,-3.6116229767100663
Dante Exum\exumda01,-3.5809450786916273
Wenyen Gabriel\gabriwe01,-3.5561134936761505
Derrick Walton\waltode01,-3.5189722676449264
Luke Kennard\kennalu01,-3.481511949413459
Romeo Langford\langfro01,-3.461891714085766
Mike Conley\conlemi01,-3.3841449455812835
Chasson Randle\randlch01,-3.2553368333734056
Justise Winslow\winslju01,-3.1749635442688486
Dwight Howard\howardw01,-3.1110994383143975
Vincent Poirier\poirivi01,-3.0780842803360997
D.J. Augustin\augusdj01,-3.003874072236954
Juan Hernangómez\hernaju01,-2.988844567421836
Jamal Crawford\crawfja01,-2.9688338640863208
B.J. Johnson\johnsbj01,-2.9495700006326615
Deonte Burton\burtode02,-2.929010845513062
Tyus Jones\jonesty01,-2.8210710262652583
Shabazz Napier\napiesh01,-2.780692378061076
Wenyen Gabriel\gabriwe01,-2.729151219308278
Marial Shayok\shayoma01,-2.6990447170334164
Ivica Zubac\zubaciv01,-2.694985196357493
Troy Daniels\danietr01,-2.6502378587798603
Enes Kanter\kanteen01,-2.6071887034789825
Jaren Jackson Jr.\jacksja02,-2.5755051212404965
Tacko Fall\fallta01,-2.5406221165968645
Admiral Schofield\schofad01,-2.5139412239245758
Amir Coffey\coffeam01,-2.509989851451735
Chandler Parsons\parsoch01,-2.4338466040258595
Mitchell Robinson\robinmi01,-2.4124633651020986
Donta Hall\halldo01,-2.397312618797912
Thomas Bryant\bryanth01,-2.37930983453748
Carmelo Anthony\anthoca01,-2.3684831669857545
Ed Davis\davised01,-2.334978663053448
Thanasis Antetokounmpo\antetth01,-2.2995070425436666
Alize Johnson\johnsal02,-2.268820159031975
Troy Daniels\danietr01,-2.2673482202854984
Allen Crabbe\crabbal01,-2.229714527357828
Jordan McRae\mcraejo01,-2.2199808731676853
Stanley Johnson\johnsst04,-2.18855065282861
Troy Daniels\danietr01,-2.1716862181829697
Jarrod Uthoff\uthofja01,-2.1556999131017847
Carsen Edwards\edwarca01,-2.139971413557646
Tim Frazier\fraziti01,-2.115775740786603
Norvel Pelle\pelleno01,-2.0509886397646255
Dewan Hernandez\hernade01,-2.0302085715781004
Marcus Morris\morrima03,-1.9850843991093257
Bruno Caboclo\cabocbr01,-1.9431533408150017
Jordan McLaughlin\mclaujo01,-1.9123633353419223
Matthew Dellavedova\dellama01,-1.8963205806514907
Miye Oni\onimi01,-1.889282521499581
Thabo Sefolosha\sefolth01,-1.8655326625559496
Jaylen Hoard\hoardja01,-1.8490199976986332
Bruno Caboclo\cabocbr01,-1.8437949120492476
DeMarre Carroll\carrode01,-1.8203751381359439
DaQuan Jeffries\jeffrda01,-1.8164266398073892
Dejounte Murray\murrade01,-1.8111540339592125
Bruno Caboclo\cabocbr01,-1.803841037959728
Goga Bitadze\bitadgo01,-1.757987995243468
T.J. Leaf\leaftj01,-1.753689161749321
Lauri Markkanen\markkla01,-1.6610843107082474
Terance Mann\mannte01,-1.643124652491565
Courtney Lee\leeco01,-1.465286201829656
Chimezie Metu\metuch01,-1.449675183409454
Udonis Haslem\hasleud01,-1.4422750794476542
Javonte Green\greenja02,-1.411452857944596
Alec Burks\burksal01,-1.3947500671005173
Brandon Knight\knighbr03,-1.3712120396106116
Michael Kidd-Gilchrist\kiddgmi01,-1.3318281519406696
Tyrone Wallace\wallaty01,-1.3158326035846244
Gary Clark\clarkga01,-1.2885449398880837
Jerome Robinson\robinje01,-1.2631479662337597
Cody Zeller\zelleco01,-1.2614637379504074
Alex Len\lenal01,-1.2584810432947506
Larry Nance Jr.\nancela02,-1.2556957818129604
Chris Clemons\clemoch01,-1.2093117389019312
Paul Watson\watsopa01,-1.1933931938967248
Chris Chiozza\chiozch01,-1.1832107194486525
Semi Ojeleye\ojelese01,-1.1702991582765208
Keita Bates-Diop\bateske01,-1.1619320269255127
Christian Wood\woodch01,-1.1513853928079811
Blake Griffin\griffbl01,-1.1322150526427208
Jaylen Nowell\nowelja01,-1.107905137445698
Jabari Parker\parkeja01,-1.0974631188788635
Darius Garland\garlada01,-1.082596385634929
Johnathan Williams\willijo04,-0.9848826358079918
Justin Anderson\anderju01,-0.9661461295769982
Terrance Ferguson\fergute01,-0.929519376024075
Jonathan Isaac\isaacjo01,-0.9238213760754093
Kendrick Nunn\nunnke01,-0.895476962141629
Chris Silva\silvach01,-0.8906236696376482
Matt Thomas\thomama02,-0.8635663803893863
Robert Covington\covinro01,-0.8411068643458179
Myles Turner\turnemy01,-0.836660044691655
Jordan Bell\belljo01,-0.7960750304897601
Nassir Little\littlna01,-0.7876033357939605
Naz Mitrou-Long\mitrona01,-0.7586857831065004
Gary Clark\clarkga01,-0.7421440034059401
Paul Watson\watsopa01,-0.7184983198710597
Isaiah Thomas\thomais02,-0.6646461655755616
Tremont Waters\watertr01,-0.6481599890223606
Garrison Mathews\mathega01,-0.6353786096486829
Andre Roberson\roberan03,-0.6200499674314415
Zach Norvell\norveza01,-0.5963411440004052
Trey Burke\burketr01,-0.5844137557875797
Juan Hernangómez\hernaju01,-0.5742368061956427
Bogdan Bogdanović\bogdabo01,-0.5735558989807714
Zylan Cheatham\cheatzy01,-0.5623882331298091
Dewayne Dedmon\dedmode01,-0.5597386771207766
Reggie Jackson\jacksre01,-0.5482990817033624
Treveon Graham\grahatr01,-0.5201050358530779
Jordan Bell\belljo01,-0.48119553480700006
Rodney McGruder\mcgruro01,-0.451070788640493
J.J. Barea\bareajo01,-0.4343722863764583
Lance Thomas\thomala01,-0.4300923051199561
Yogi Ferrell\ferreyo01,-0.31938585462177116
Ty Jerome\jeromty01,-0.30311027796307144
JaMychal Green\greenja01,-0.2902393889484074
Jeff Teague\teaguje01,-0.283591960689364
Ante Žižić\zizican01,-0.2828985795808876
Marc Gasol\gasolma01,-0.26872391658565675
Dillon Brooks\brookdi01,-0.2266101808201597
JaVale McGee\mcgeeja01,-0.2061127267234042
Jarrell Brantley\brantja01,-0.2047619010792232
Jerian Grant\grantje02,-0.14462852494312983
Dewayne Dedmon\dedmode01,-0.13345681335471227
Donta Hall\halldo01,-0.1110636657298869
Gary Clark\clarkga01,-0.10975168807044611
Marko Guduric\gudurma01,-0.08449060750342596
D.J. Wilson\wilsodj01,-0.077468869217455
Ryan Anderson\anderry01,-0.05536877553197428
Norman Powell\powelno01,-0.019104578818996742
Jordan Clarkson\clarkjo01,7.361035159192397e-08
Jacob Evans\evansja02,0.0014724369043506158
Caleb Swanigan\swanica01,0.005997305861342284
Tony Bradley\bradlto01,0.03054823250562322
Rui Hachimura\hachiru01,0.030941712291166823
Robert Covington\covinro01,0.03175481581342865
David Nwaba\nwabada01,0.06266492540294166
Alfonzo McKinnie\mckinal01,0.07331729557046174
Quinn Cook\cookqu01,0.10597499834585733
Cristiano Felício\feliccr01,0.1338774403306502
P.J. Tucker\tuckepj01,0.13775349433467454
Ryan Broekhoff\broekry01,0.14837021488114033
John Konchar\konchjo01,0.17655406406231577
Nemanja Bjelica\bjeline01,0.17757630054080664
Shabazz Napier\napiesh01,0.20477925638743955
Kadeem Allen\allenka01,0.205693052390302
Tim Hardaway Jr.\hardati02,0.211699069876488
James Johnson\johnsja01,0.21869290936894004
Bruce Brown\brownbr01,0.22059339270765577
Alen Smailagić\smailal01,0.22620527307441307
Talen Horton-Tucker\hortota01,0.25450635527300847
J.J. Redick\redicjj01,0.3137463456924934
Dāvis Bertāns\bertada01,0.3175571695155668
Eric Gordon\gordoer01,0.3481460778955352
Anthony Tolliver\tollian01,0.3698933645042075
Theo Pinson\pinsoth01,0.3727940474952902
Jacob Evans\evansja02,0.37670141708986193
Jordan Bell\belljo01,0.38893610310230997
DeMarre Carroll\carrode01,0.398591392166054
Alec Burks\burksal01,0.4040223921815027
Cheick Diallo\diallch01,0.4381874493605551
Solomon Hill\hillso01,0.44502127784261347
Kevin Huerter\huertke01,0.4710614572736631
Grant Williams\willigr01,0.48131745259723857
Daniel Gafford\gaffoda01,0.48161904303265146
Jordan Clarkson\clarkjo01,0.483121741276193
Jabari Parker\parkeja01,0.5106262735325231
JaKarr Sampson\sampsja02,0.5152587261793542
Daniel Theis\theisda01,0.5780466833393803
Caleb Swanigan\swanica01,0.6224027991085563
Terrence Ross\rosste01,0.6364866452761362
Raul Neto\netora01,0.648405270190608
Noah Vonleh\vonleno01,0.6597264742688367
Nicolas Batum\batumni01,0.6769049345144822
Matisse Thybulle\thybuma01,0.6979058186520888
Josh Hart\hartjo01,0.7141832083374879
Evan Turner\turneev01,0.7428440218438936
Michael Kidd-Gilchrist\kiddgmi01,0.7552241203579229
Allen Crabbe\crabbal01,0.7602403157563344
Zach Collins\colliza01,0.7645839791012463
Elie Okobo\okoboel01,0.7780547415825367
Vince Carter\cartevi01,0.8021797093900318
Kevon Looney\looneke01,0.8042495040195377
Georges Niang\niangge01,0.805367502433171
Joakim Noah\noahjo01,0.8198901429207694
Dante Exum\exumda01,0.8269009773329117
Justin Wright-Foreman\wrighju02,0.8337438378259776
Gorgui Dieng\dienggo01,0.8430012956797555
Abdel Nader\naderab01,0.8430776873275363
Jordan Clarkson\clarkjo01,0.846592535551622
Frank Jackson\jacksfr01,0.8843806615622611
RJ Barrett\barrerj01,0.8890153500493625
Mo Bamba\bambamo01,0.8907255039995334
Donta Hall\halldo01,0.8952402831932886
Bismack Biyombo\biyombi01,0.896188538311776
Patrick Beverley\beverpa01,0.9039697543291823
C.J. Miles\milescj01,0.9104827476726882
Brandon Knight\knighbr03,0.9278944524158987
Brandon Clarke\clarkbr01,0.9320547362242451
Treveon Graham\grahatr01,0.9427315276094532
Iman Shumpert\shumpim01,0.9437405174145965
Allonzo Trier\trieral01,0.9482124548406432
Patrick Patterson\pattepa01,0.9738721463619981
Chris Boucher\bouchch01,0.9752912240580258
Thon Maker\makerth01,0.9758260179413583
Kenrich Williams\willike04,0.9981594405100509
Alex Len\lenal01,1.0155339715389005
Victor Oladipo\oladivi01,1.0236441633666686
Anthony Tolliver\tollian01,1.0327652303764694
Jae Crowder\crowdja01,1.0381297059560097
Harrison Barnes\barneha02,1.0384682272997452
Chris Chiozza\chiozch01,1.0622548151893625
Anthony Tolliver\tollian01,1.0702535404453783
Robin Lopez\lopezro01,1.1068581007110652
Monte Morris\morrimo01,1.1083328277309192
Mike Muscala\muscami01,1.1091154695034788
Taurean Prince\princta02,1.119861421239591
Noah Vonleh\vonleno01,1.127217569605648
Trey Lyles\lylestr01,1.1367376495227859
Jeremy Pargo\pargoje01,1.1563240091155649
Khem Birch\birchkh01,1.194030967947299
Willie Cauley-Stein\caulewi01,1.20618422585369
Marvin Williams\willima02,1.2215522844279576
Shaquille Harrison\harrish01,1.2244148657129585
Edmond Sumner\sumneed01,1.2441418250244283
Wayne Ellington\ellinwa01,1.2495865344595245
Markieff Morris\morrima02,1.2634659393718835
Miles Bridges\bridgmi02,1.2722390128915322
Drew Eubanks\eubandr01,1.272257639637985
Boban Marjanović\marjabo01,1.2782053374613156
Al-Farouq Aminu\aminual01,1.2842504315978545
Willie Cauley-Stein\caulewi01,1.306315066314255
Cory Joseph\josepco01,1.32555637309531
Dario Šarić\saricda01,1.3359018993464247
Bruno Fernando\fernabr01,1.3679781460734262
Isaiah Hartenstein\harteis01,1.3807238124275614
Džanan Musa\musadz01,1.390260256251679
Justin Jackson\jacksju01,1.4028603575365537
Dragan Bender\bendedr01,1.4182316199144793
Damian Jones\jonesda03,1.4660652940176533
Sekou Doumbouya\doumbse01,1.4835529639459537
Alex Len\lenal01,1.4841297198338452
Joe Harris\harrijo01,1.5011227552959099
Allen Crabbe\crabbal01,1.5016190159730627
Ryan Arcidiacono\arcidry01,1.5160203972304203
Jakob Poeltl\poeltja01,1.5326602601834338
Willie Cauley-Stein\caulewi01,1.5689268696813201
Marquese Chriss\chrisma01,1.5726767024321475
Jeremiah Martin\martije02,1.5810969093993208
Josh Richardson\richajo01,1.649534557714162
Darius Bazley\bazleda01,1.6550117338200607
Jevon Carter\carteje01,1.6574688132940878
Nicolas Claxton\claxtni01,1.6666146758445848
Trey Burke\burketr01,1.6737621632965443
Robert Williams\williro04,1.6843934877776405
Gary Trent Jr.\trentga02,1.693628975042202
Marco Belinelli\belinma01,1.7151236849834959
Mario Hezonja\hezonma01,1.723446225293003
Paul Millsap\millspa01,1.7494630188799647
Kyle O'Quinn\oquinky01,1.7563787212691864
Eric Paschall\pascher01,1.7566125922220408
Anžejs Pasečņiks\pasecan01,1.7587698453635312
Devontae Cacok\cacokde01,1.7730357947912694
Luke Kornet\kornelu01,1.7793678192133484
Frank Mason III\masonfr01,1.779457436075404
Jerome Robinson\robinje01,1.7837307703161969
Ian Mahinmi\mahinia01,1.7979013304974387
Chris Chiozza\chiozch01,1.805471646765966
Rodions Kurucs\kurucro01,1.8102264414355318
Ersan İlyasova\ilyaser01,1.8104167017663144
Gorgui Dieng\dienggo01,1.8112842607912967
Derrick White\whitede01,1.8135049736296764
Jae Crowder\crowdja01,1.8342452392894302
Torrey Craig\craigto01,1.8479246983108624
Jalen McDaniels\mcdanja01,1.8585481263210113
Treveon Graham\grahatr01,1.8602128853515865
Luguentz Dort\dortlu01,1.8678092231992878
Meyers Leonard\leoname01,1.8891893177016073
Tyler Johnson\johnsty01,1.9066041343892834
Ben McLemore\mclembe01,1.9071972600793856
Gary Payton II\paytoga02,1.9159256547020505
Timothé Luwawu-Cabarrot\luwawti01,1.9378363140784813
Aaron Holiday\holidaa01,1.9431877270300788
Brandon Knight\knighbr03,1.948131244398212
Aron Baynes\baynear01,1.9561967597522312
Dennis Smith Jr.\smithde03,1.9577386903478669
Frank Ntilikina\ntilila01,1.960155343952522
Gorgui Dieng\dienggo01,1.9644732322038863
Bol Bol\bolbo01,1.9704600899562479
Keita Bates-Diop\bateske01,1.9787491790137324
Patty Mills\millspa02,1.9903086539765695
Taj Gibson\gibsota01,2.002434929898584
Duncan Robinson\robindu01,2.0043092968460883
James Ennis\ennisja01,2.0050214926845342
Kelan Martin\martike03,2.028767752534634
Juan Hernangómez\hernaju01,2.060391844644869
Skal Labissière\labissk01,2.0612490378481425
Royce O'Neale\onealro01,2.066862179742884
Damion Lee\leeda03,2.0950452027688016
Jake Layman\laymaja01,2.1057116004954537
Sterling Brown\brownst02,2.1211653494848974
Patrick McCaw\mccawpa01,2.132879665134567
P.J. Washington\washipj01,2.140494718613809
Kyle Kuzma\kuzmaky01,2.141784113440849
Damyean Dotson\dotsoda01,2.147483146653258
Trey Burke\burketr01,2.1706415106578447
Jalen Brunson\brunsja01,2.1734721442140312
Mike Scott\scottmi01,2.1810147565311695
Nerlens Noel\noelne01,2.182557300498331
Dragan Bender\bendedr01,2.1950915236923834
Nickeil Alexander-Walker\alexani01,2.201105161574958
Jeff Green\greenje02,2.2026286713884815
Jae Crowder\crowdja01,2.2187286486284847
Dwight Powell\poweldw01,2.226929810203387
Willy Hernangómez\hernawi01,2.228666582489325
Alex Caruso\carusal01,2.2312522517203774
Dion Waiters\waitedi01,2.2434507184800623
Maurice Harkless\harklma01,2.2750692724081887
Troy Brown Jr.\browntr01,2.278899908760593
Michael Porter Jr.\portemi01,2.304254927651641
Dorian Finney-Smith\finnedo01,2.3173883409876908
Kris Dunn\dunnkr01,2.324322878883777
Lonnie Walker\walkelo01,2.339596413579102
Caleb Martin\martica02,2.3522707493044663
Kevin Knox\knoxke01,2.352435747938216
PJ Dozier\doziepj01,2.3678421921467248
Keita Bates-Diop\bateske01,2.3772906925682378
Coby White\whiteco01,2.3775236766608714
Kyle Korver\korveky01,2.3984523339977954
Isaac Bonga\bongais01,2.4018530432717853
Dante Exum\exumda01,2.4086911218753357
Wesley Iwundu\iwundwe01,2.4236249687951386
Denzel Valentine\valende01,2.431999878320539
Tyler Herro\herroty01,2.432254486566876
Glenn Robinson III\robingl02,2.432445202240899
Delon Wright\wrighde01,2.4326341725680436
Malik Beasley\beaslma01,2.436799726534616
Tyler Johnson\johnsty01,2.5112647536403756
Marvin Williams\willima02,2.515777444692958
Jordan McRae\mcraejo01,2.530505229772814
Hamidou Diallo\diallha01,2.5336193309099144
Seth Curry\curryse01,2.539636982102934
Brandon Goodwin\goodwbr01,2.5443400934156557
Maxi Kleber\klebima01,2.580107014024975
Dwayne Bacon\bacondw01,2.6003472235478853
Rudy Gay\gayru01,2.601738330020396
Marvin Williams\willima02,2.6046185746515675
Andre Iguodala\iguodan01,2.6253486816881946
Wilson Chandler\chandwi01,2.632368521461558
Glenn Robinson III\robingl02,2.6458646175538547
James Johnson\johnsja01,2.647131202379228
Maurice Harkless\harklma01,2.6541244314905725
James Ennis\ennisja01,2.6575257556931433
John Henson\hensojo01,2.6861330364583296
Bryn Forbes\forbebr01,2.6929561346928494
Furkan Korkmaz\korkmfu01,2.70677793206778
OG Anunoby\anunoog01,2.719794621706228
John Henson\hensojo01,2.745654395596091
Brad Wanamaker\wanambr01,2.7673678442560004
Jerami Grant\grantje01,2.769537086917296
Doug McDermott\mcderdo01,2.788626728590202
Omari Spellman\spellom01,2.8017684313366544
Brook Lopez\lopezbr01,2.8044108345746395
Jaxson Hayes\hayesja02,2.822555515244062
Mason Plumlee\plumlma01,2.833922854708703
James Ennis\ennisja01,2.8545938475689923
John Henson\hensojo01,2.867731363957944
Reggie Jackson\jacksre01,2.8702502296783337
Tyler Johnson\johnsty01,2.8743226016783296
Kent Bazemore\bazemke01,2.921901689044489
Chandler Hutchison\hutchch01,2.9343781225117596
Moritz Wagner\wagnemo01,2.935031604318283
De'Andre Hunter\huntede01,2.9615610180522367
Pat Connaughton\connapa01,2.9639595882356957
Jeff Green\greenje02,2.9908728553093624
Bobby Portis\portibo01,2.9974543134305236
Trevor Ariza\arizatr01,3.0160621055150045
Mychal Mulder\muldemy01,3.0164668695942964
Cody Martin\martico01,3.0236765430694845
Keldon Johnson\johnske04,3.038239258255942
Jeremy Lamb\lambje01,3.0428199997919023
Jeff Green\greenje02,3.0506619010205895
Solomon Hill\hillso01,3.077359914520173
Tony Snell\snellto01,3.08000241014264
George Hill\hillge01,3.0902032906657837
Ky Bowman\bowmaky01,3.095530496215588
Glenn Robinson III\robingl02,3.0966801036742027
Cameron Payne\payneca01,3.110798346031345
Malik Beasley\beaslma01,3.112319402258663
Avery Bradley\bradlav01,3.120892634934023
Landry Shamet\shamela01,3.1237327507226382
Anfernee Simons\simonan01,3.129398926230863
Sviatoslav Mykhailiuk\mykhasv01,3.1418683197728683
Grayson Allen\allengr01,3.1471041581923487
DeMarre Carroll\carrode01,3.1489265724632105
Juan Toscano-Anderson\toscaju01,3.163073993725959
Langston Galloway\gallola01,3.1714908163492055
Kyle Anderson\anderky01,3.1737084085558536
Shake Milton\miltosh01,3.2084260290516227
Luka Šamanić\samanlu01,3.2119951167873637
Kentavious Caldwell-Pope\caldwke01,3.2143595309290163
Reggie Bullock\bullore01,3.217489035889514
E'Twaun Moore\mooreet01,3.236640653030065
Sindarius Thornwell\thornsi01,3.239553953619634
Dion Waiters\waitedi01,3.2434652978591316
Alec Burks\burksal01,3.281812747683773
Wesley Matthews\matthwe02,3.2861734348463756
Jordan Poole\poolejo01,3.2928876894386008
Dion Waiters\waitedi01,3.306911860210448
Solomon Hill\hillso01,3.3387774561533092
Harry Giles\gilesha01,3.3627608335035575
Nicolò Melli\mellini01,3.3744098255198196
Trevor Ariza\arizatr01,3.3810196019651357
Danuel House\houseda01,3.404662091938917
Derrick Jones Jr.\jonesde02,3.41318991791627
Thaddeus Young\youngth01,3.4194928683378407
Jahlil Okafor\okafoja01,3.4358395792054353
Emmanuel Mudiay\mudiaem01,3.444376699527652
Dragan Bender\bendedr01,3.4464921986414083
Rondae Hollis-Jefferson\holliro01,3.464421884613216
Otto Porter\porteot01,3.465929381650369
De'Anthony Melton\meltode01,3.466545818708653
DeAndre' Bembry\bembrde01,3.5053436174953845
Jordan McRae\mcraejo01,3.524078228719418
Naz Reid\reidna01,3.5250458114676917
Jordan McRae\mcraejo01,3.5461744098836334
Cameron Johnson\johnsca02,3.6024975135999284
Rodney Hood\hoodro01,3.6231503045584645
Donte DiVincenzo\divindo01,3.68265358898924
Marcus Morris\morrima03,3.6842141574090306
Danny Green\greenda02,3.7007260982733783
Markieff Morris\morrima02,3.705234640844708
Markieff Morris\morrima02,3.7064039964267295
Kent Bazemore\bazemke01,3.717313437250482
Trevor Ariza\arizatr01,3.73195450459491
Justin Holiday\holidju01,3.7339409067955103
Kelly Olynyk\olynyke01,3.7590297383979987
Kent Bazemore\bazemke01,3.7780665810843175
Cam Reddish\reddica01,3.79926733925015
Austin Rivers\riverau01,3.8123800512284447
Maurice Harkless\harklma01,3.823017204629082
Cedi Osman\osmande01,3.8384742598560138
Frank Kaminsky\kaminfr01,3.9231441865642864
Michael Carter-Williams\cartemi01,3.923679425255898
Josh Okogie\okogijo01,3.923859366979798
Gary Harris\harriga01,3.9238897542373934
Malik Monk\monkma01,3.949185168479289
Terence Davis\daviste02,3.949202422054782
Garrett Temple\templga01,3.962965393427737
Josh Jackson\jacksjo02,3.989611783373334
Kevin Porter Jr.\porteke02,4.132097200599276
Jabari Parker\parkeja01,4.181315754979039
Jarrett Culver\culveja01,4.184108906844017
Mikal Bridges\bridgmi01,4.196648061708572
James Johnson\johnsja01,4.238832789011383
Jerome Robinson\robinje01,4.263908979281325
