Player,Scores
Giannis Antetokounmpo\antetgi01,-0.13732041595725697
Luka Dončić\doncilu01,-0.1331878548554939
LeBron James\jamesle01,-0.12415216330115664
James Harden\hardeja01,-0.12213247917777381
Trae Young\youngtr01,-0.11155970481707678
Damian Lillard\lillada01,-0.0979961487392711
Andre Drummond\drumman01,-0.08980890705052214
Andre Drummond\drumman01,-0.08436329276648091
Karl-Anthony Towns\townska01,-0.07588729173139153
Russell Westbrook\westbru01,-0.06807018461912295
Ben Simmons\simmobe01,-0.06250166705077809
Bradley Beal\bealbr01,-0.06244614593924491
Nikola Jokić\jokicni01,-0.056954372134190856
Clint Capela\capelca01,-0.05594468918733386
Ricky Rubio\rubiori01,-0.05223461776867
Joel Embiid\embiijo01,-0.05038038785516463
Domantas Sabonis\sabondo01,-0.047613131196541536
Anthony Davis\davisan02,-0.04614567783401469
Hassan Whiteside\whiteha01,-0.04215126243539369
Rudy Gobert\goberru01,-0.033440983947052194
Kyrie Irving\irvinky01,-0.03249005831419316
Kawhi Leonard\leonaka01,-0.03069682317495559
Bam Adebayo\adebaba01,-0.022080612232106778
Devin Booker\bookede01,-0.017614576243440316
Elfrid Payton\paytoel01,-0.01742291389649253
John Collins\collijo01,-0.016902928658383498
Lonzo Ball\balllo01,-0.013403382259520646
Devonte' Graham\grahade01,-0.012248026285730407
Draymond Green\greendr01,-0.009484640788079535
Zach LaVine\lavinza01,-0.0048652128286467144
Ja Morant\moranja01,-0.002466800304778971
Nikola Vučević\vucevni01,-0.001799584562319989
Kyle Lowry\lowryky01,-0.0001950363463882887
Jusuf Nurkić\nurkiju01,0.00019503634638817768
Jacob Evans\evansja02,0.002542968142532964
J.P. Macura\macurjp01,0.002542968142532964
Deandre Ayton\aytonde01,0.007632637957937782
Andre Drummond\drumman01,0.008454200379007792
D'Angelo Russell\russeda01,0.01097101033618475
Jimmy Butler\butleji01,0.014636862635096115
Malcolm Brogdon\brogdma01,0.01470325988066945
Jeff Teague\teaguje01,0.015430697288557171
De'Aaron Fox\foxde01,0.016509797960344907
Spencer Dinwiddie\dinwisp01,0.017136173349835637
Jayson Tatum\tatumja01,0.018647365991594
D'Angelo Russell\russeda01,0.019324686729100926
Jonas Valančiūnas\valanjo01,0.020304360915935904
DeMar DeRozan\derozde01,0.02191861992507027
Derrick Rose\rosede01,0.02221504682526676
Kristaps Porziņģis\porzikr01,0.023783351018789256
Stephen Curry\curryst01,0.024220045797897494
Pascal Siakam\siakapa01,0.024852171994616423
Fred VanVleet\vanvlfr01,0.02538993506624021
Chris Paul\paulch01,0.02650438254507126
Julius Randle\randlju01,0.02661921058863892
Kevin Love\loveke01,0.02748743539649856
D'Angelo Russell\russeda01,0.028458758900574033
Jamal Crawford\crawfja01,0.028891381091961765
Jared Harper\harpeja01,0.029664080146066807
Jrue Holiday\holidjr01,0.03032673650282869
Brandon Ingram\ingrabr01,0.030426896397412584
Donovan Mitchell\mitchdo01,0.031525070294236124
Zion Williamson\willizi01,0.03350215022120373
Paul Watson\watsopa01,0.03765468109610137
Derrick Walton\waltode01,0.03966347662509084
Lou Williams\willilo02,0.04008085283055629
DeAndre Jordan\jordade01,0.041410905909796125
Marques Bolden\boldema01,0.04224362140175675
T.J. McConnell\mccontj01,0.0441386776914533
Tomáš Satoranský\satorto01,0.04490893347502278
Tristan Thompson\thomptr01,0.04552027542741088
Joe Chealey\chealjo01,0.04586080718730701
Malik Newman\newmama01,0.046952548700499586
Eric Mika\mikaer01,0.04739043249503827
Khris Middleton\middlkh01,0.04779664804760142
Zach Norvell\norveza01,0.04854647347648988
Collin Sexton\sextoco01,0.04857001113684678
CJ McCollum\mccolcj01,0.048747278872316446
Tyus Jones\jonesty01,0.04983134437144876
Dusty Hannahs\hannadu01,0.05001750186789056
Andrew Wiggins\wiggian01,0.05039943800495661
Shabazz Napier\napiesh01,0.05108579389847223
Jeff Teague\teaguje01,0.05194329715770574
Joe Ingles\inglejo01,0.05320465702285082
Rajon Rondo\rondora01,0.05385735947933423
Daryl Macon\maconda01,0.05545456718781172
Eric Bledsoe\bledser01,0.05572936609090018
Paul George\georgpa01,0.05663507181635341
Isaiah Roby\robyis01,0.05668856894714813
Kemba Walker\walkeke02,0.057257299825238306
Andrew Wiggins\wiggian01,0.05933172048757529
Reggie Jackson\jacksre01,0.06071549383079744
Steven Adams\adamsst01,0.06143718041194424
Derrick Favors\favorde01,0.062206867081577744
Jordan McLaughlin\mclaujo01,0.06534804704875863
Tobias Harris\harrito02,0.06660228004295488
Marvin Bagley III\baglema01,0.06835213922399486
Evan Fournier\fournev01,0.06847407259137261
D.J. Augustin\augusdj01,0.06939526114676875
Aaron Gordon\gordoaa01,0.06951173289395296
Gordon Hayward\haywago01,0.0696426227452549
Jaylen Brown\brownja02,0.07043653289470231
Wendell Carter Jr.\cartewe01,0.0715675203916295
Goran Dragić\dragigo01,0.07156921753361511
Marcus Smart\smartma01,0.0722534169049841
Jamal Murray\murraja01,0.07258520780327982
Jonah Bolden\boldejo01,0.07260752945129434
Jarrod Uthoff\uthofja01,0.07260752945129434
LaMarcus Aldridge\aldrila01,0.07292092276213114
Ish Smith\smithis01,0.07471643497719083
Matthew Dellavedova\dellama01,0.07474864913933077
Markelle Fultz\fultzma01,0.07513141651578081
Tim Frazier\fraziti01,0.07528319691917895
Marcus Morris\morrima03,0.07648989273013618
Caris LeVert\leverca01,0.07724754414074486
Jarrett Allen\allenja01,0.0773302284846562
Malik Beasley\beaslma01,0.07760879662831
Montrezl Harrell\harremo01,0.07908934790097355
Shabazz Napier\napiesh01,0.07955913726151165
Kelly Oubre Jr.\oubreke01,0.07980545840845366
Serge Ibaka\ibakase01,0.08005839050340569
William Howard\howarwi01,0.08053308941728587
Stanton Kidd\kiddst01,0.08070375553042441
Dewayne Dedmon\dedmode01,0.08129105041514706
Tyler Zeller\zellety01,0.08214605048438006
Jeremy Pargo\pargoje01,0.08229365125783128
Shai Gilgeous-Alexander\gilgesh01,0.08322536465218844
Andrew Wiggins\wiggian01,0.0850470145973512
Bojan Bogdanović\bogdabo02,0.08620098336826343
Dennis Schröder\schrode01,0.08632711463001425
T.J. Warren\warretj01,0.08638188294840532
Buddy Hield\hieldbu01,0.08643284589523859
Isaiah Thomas\thomais02,0.08691713080171781
Kyle Alexander\alexaky01,0.08703741156689027
Terry Rozier\roziete01,0.08732960990111022
Henry Ellenson\ellenhe01,0.08781004772107048
Jarred Vanderbilt\vandeja01,0.08805419819144666
Al Horford\horfoal01,0.0902345768768999
Chris Chiozza\chiozch01,0.09069150425054429
Nicolas Batum\batumni01,0.09131803014088086
Chasson Randle\randlch01,0.09184926078605044
Darius Garland\garlada01,0.09190591791489977
Richaun Holmes\holmeri01,0.09199419583028778
J.J. Barea\bareajo01,0.09326436349177958
Mitchell Robinson\robinmi01,0.09449325886598364
Jordan Bone\bonejo01,0.09458325129967432
Patrick Beverley\beverpa01,0.09492048030269579
Antonius Cleveland\clevean01,0.09521284468060459
Marc Gasol\gasolma01,0.09523505294592449
Mike Conley\conlemi01,0.09544684039246704
Trey Burke\burketr01,0.09593493243385331
Will Barton\bartowi01,0.09615845184664051
Alec Burks\burksal01,0.09701191115020458
Danilo Gallinari\gallida01,0.09727370300473337
Brian Bowen\bowenbr02,0.09753049841773692
Moses Brown\brownmo01,0.09779431255374832
Quinndary Weatherspoon\weathqu01,0.09798545309532852
Max Strus\strusma01,0.0980190397961005
Justise Winslow\winslju01,0.0983169207470661
Zhaire Smith\smithzh01,0.09891223544398015
Kendrick Nunn\nunnke01,0.09937163939895255
Luke Kennard\kennalu01,0.10076195941896332
Dejounte Murray\murrade01,0.1014879106472194
Bruce Brown\brownbr01,0.10263240102111576
Dwight Howard\howardw01,0.10266451955118888
Jarrod Uthoff\uthofja01,0.10369774684704264
Tariq Owens\owensta01,0.10392434112002708
Jonah Bolden\boldejo01,0.10461194425909487
Luc Mbah a Moute\mbahalu01,0.10469235448384878
Jarrod Uthoff\uthofja01,0.10488123066181437
Matt Mooney\moonema01,0.10492925679932152
Brandon Knight\knighbr03,0.10560177536994952
Jaren Jackson Jr.\jacksja02,0.10560577419497846
Tyson Chandler\chandty01,0.10561720910628841
Ivica Zubac\zubaciv01,0.10563451150378972
Kyle Guy\guyky01,0.10633405563150061
Jeff Teague\teaguje01,0.10707022971914631
Blake Griffin\griffbl01,0.1088825860593779
Christian Wood\woodch01,0.1097681319443326
Devon Hall\hallde01,0.10988355882481787
Khyri Thomas\thomakh01,0.11020475099338184
Marcus Morris\morrima03,0.11036336820035358
Josh Gray\grayjo01,0.11037015467329758
Jonah Bolden\boldejo01,0.11093745322234039
Tyler Cook\cookty01,0.11104346271628451
Caleb Swanigan\swanica01,0.11131068096855973
Chris Chiozza\chiozch01,0.1114622461953802
Bogdan Bogdanović\bogdabo01,0.11184133725284995
Monte Morris\morrimo01,0.11259327068650155
Robert Covington\covinro01,0.11293825756316
Justin Robinson\robinju01,0.11304433086132637
Amile Jefferson\jeffeam01,0.11316853816508465
Enes Kanter\kanteen01,0.11418579481673963
Larry Nance Jr.\nancela02,0.11513640686806581
James Johnson\johnsja01,0.11749033076395865
Alex Len\lenal01,0.11767946982602667
Michael Kidd-Gilchrist\kiddgmi01,0.11772461882188018
Donta Hall\halldo01,0.117955947634105
Kadeem Allen\allenka01,0.11827332983374361
Alec Burks\burksal01,0.11942973379952126
Royce O'Neale\onealro01,0.12002967558225813
Eric Gordon\gordoer01,0.12020960695711713
Jarred Vanderbilt\vandeja01,0.12042778610293697
Josh Richardson\richajo01,0.12135182590891891
Reggie Jackson\jacksre01,0.12147022040294397
Vlatko Čančar\cancavl01,0.1218560731006631
Kevin Huerter\huertke01,0.1220931674283548
Shamorie Ponds\pondssh01,0.12218055590482685
Keita Bates-Diop\bateske01,0.12225205637654263
Patty Mills\millspa02,0.1229293304253069
Jarred Vanderbilt\vandeja01,0.12304644368335232
Brandon Knight\knighbr03,0.1231077488372187
Jeremiah Martin\martije02,0.12332491512094157
Shabazz Napier\napiesh01,0.12337019057895365
Charlie Brown\brownch02,0.12356644789890048
Nigel Williams-Goss\willini01,0.12377604032031714
Tyler Cook\cookty01,0.124951215672567
J.J. Redick\redicjj01,0.12506848049805752
Carmelo Anthony\anthoca01,0.127014788142016
Jae Crowder\crowdja01,0.12711404234223161
Jordan Clarkson\clarkjo01,0.1275838278350378
Nemanja Bjelica\bjeline01,0.127750727470116
Trey Burke\burketr01,0.1288042575485645
Dillon Brooks\brookdi01,0.12900639723233737
Victor Oladipo\oladivi01,0.12937113111214155
Juan Hernangómez\hernaju01,0.13002849399885436
Tacko Fall\fallta01,0.1301574870246921
Tyler Cook\cookty01,0.13018699471335538
Thomas Bryant\bryanth01,0.1302314820026022
Delon Wright\wrighde01,0.13062738630269644
Dion Waiters\waitedi01,0.13067763759479367
P.J. Tucker\tuckepj01,0.13100025903479756
Anthony Tolliver\tollian01,0.1311948258925652
Ed Davis\davised01,0.1312937488547879
Corey Brewer\breweco01,0.13165516432974095
RJ Barrett\barrerj01,0.1317356517163336
Kris Dunn\dunnkr01,0.13181810471979033
Melvin Frazier\frazime01,0.132965990612868
Chris Chiozza\chiozch01,0.13351071037655537
Frank Ntilikina\ntilila01,0.13372694605946128
Josh Magette\magetjo01,0.13395905644531525
Cory Joseph\josepco01,0.13396434965750592
Dewayne Dedmon\dedmode01,0.13403481923182686
KZ Okpala\okpalkz01,0.13404251922889604
Frank Mason III\masonfr01,0.13419708320743545
Terrence Ross\rosste01,0.13448256366111916
Norman Powell\powelno01,0.13453726513773412
Damion Lee\leeda03,0.13455707587070398
Myles Turner\turnemy01,0.13467625012930579
JaVale McGee\mcgeeja01,0.13492118502805261
JaMychal Green\greenja01,0.13499644515724146
Jordan Clarkson\clarkjo01,0.13525729588163193
Derrick Walton\waltode01,0.13551329772226128
Malcolm Miller\millema01,0.13566846369168267
Jordan Clarkson\clarkjo01,0.13627572134337584
Chris Clemons\clemoch01,0.1363106518632739
Kostas Antetokounmpo\antetko01,0.13635466185197898
Lauri Markkanen\markkla01,0.13669112768375308
Aaron Holiday\holidaa01,0.13670405426298993
Dewayne Dedmon\dedmode01,0.1367875525098705
Jalen Lecque\lecquja01,0.13690579237348566
Robert Covington\covinro01,0.137607779698308
Jabari Parker\parkeja01,0.13776291112044559
Dennis Smith Jr.\smithde03,0.13805088531638332
Cody Zeller\zelleco01,0.13810967239723482
Mfiondu Kabengele\kabenmf01,0.13821093106799603
Jordan McRae\mcraejo01,0.13837187179419647
Coby White\whiteco01,0.1384822334569954
Dean Wade\wadede01,0.13878931132802086
Jakob Poeltl\poeltja01,0.13930450894809276
Andre Iguodala\iguodan01,0.14027977459690372
Mason Plumlee\plumlma01,0.14045606273234185
Zach Collins\colliza01,0.14108154251604316
Terance Mann\mannte01,0.14111761883214707
Gabe Vincent\vincega01,0.14136659104331384
Ben McLemore\mclembe01,0.14153725412324675
Jerian Grant\grantje02,0.1419707663610864
Jalen Brunson\brunsja01,0.142039636630313
Dāvis Bertāns\bertada01,0.14229526451474184
Derrick White\whitede01,0.14232717625801972
Caleb Swanigan\swanica01,0.14241527441972912
Jaylen Nowell\nowelja01,0.14284092435170653
Reggie Jackson\jacksre01,0.1430614492151176
Raul Neto\netora01,0.14314391416885447
Alex Len\lenal01,0.14317124396202335
Robert Covington\covinro01,0.1433988681672188
Derrick Walton\waltode01,0.1434633661790562
Udonis Haslem\hasleud01,0.14386413042279633
Michael Frazier\frazimi01,0.14398702596591872
Tyler Herro\herroty01,0.14405379993089473
De'Anthony Melton\meltode01,0.14443857626018541
Tim Hardaway Jr.\hardati02,0.14448164383629664
Tyler Johnson\johnsty01,0.14464864810439748
Bismack Biyombo\biyombi01,0.1451864568789244
George Hill\hillge01,0.14551809975212593
Eric Paschall\pascher01,0.14558529578213442
Kyle Anderson\anderky01,0.14559973534571546
Rui Hachimura\hachiru01,0.14561760312000588
Shake Milton\miltosh01,0.14566468294068208
Ky Bowman\bowmaky01,0.14574100261787076
Michael Porter Jr.\portemi01,0.14581625308764112
Jonathan Isaac\isaacjo01,0.14605729500262338
Harrison Barnes\barneha02,0.14610254196509187
Caleb Swanigan\swanica01,0.1461044146734718
Troy Brown Jr.\browntr01,0.1461846673922675
Dragan Bender\bendedr01,0.14648976873685066
Tremont Waters\watertr01,0.14656824565231058
Daniel Theis\theisda01,0.14658180387096148
Jabari Parker\parkeja01,0.1467610877114276
Jared Dudley\dudleja01,0.14697731716283124
Josh Reaves\reavejo02,0.14698602225990243
Gary Trent Jr.\trentga02,0.14714193965543787
Trey Burke\burketr01,0.1471517962455382
Jae Crowder\crowdja01,0.14731718639677155
Yogi Ferrell\ferreyo01,0.14748482303001648
Cameron Payne\payneca01,0.14788800032444915
Elie Okobo\okoboel01,0.14817116039648137
Tony Bradley\bradlto01,0.14835016951472269
Naz Mitrou-Long\mitrona01,0.1489600418847088
Johnathan Williams\willijo04,0.1494291537523612
Alex Len\lenal01,0.1498860461443403
Evan Turner\turneev01,0.14988866482765012
Willie Cauley-Stein\caulewi01,0.14995349818771692
Kenrich Williams\willike04,0.15006165390232723
Bryn Forbes\forbebr01,0.15016719449216082
Gorgui Dieng\dienggo01,0.15029862913898812
Tony Snell\snellto01,0.15104635831432528
Brad Wanamaker\wanambr01,0.15124436344424724
Allonzo Trier\trieral01,0.15167150768556625
Jordan Poole\poolejo01,0.15170755423707155
Sindarius Thornwell\thornsi01,0.15234619735403454
C.J. Miles\milescj01,0.15256031898965505
Johnathan Motley\motlejo01,0.15314419921667988
Ignas Brazdeikis\brazdig01,0.15353447808341264
Joe Harris\harrijo01,0.15354070661944003
J.R. Smith\smithjr01,0.15361797122659576
Gary Clark\clarkga01,0.15371748287709197
Marquese Chriss\chrisma01,0.15395182341482477
Josh Hart\hartjo01,0.15399802912824406
Duncan Robinson\robindu01,0.15412014024167553
Brandon Knight\knighbr03,0.1544716946593001
Chris Boucher\bouchch01,0.15488685588426843
Donta Hall\halldo01,0.1549143385571617
P.J. Washington\washipj01,0.1550887682449718
Troy Daniels\danietr01,0.15517313194281013
Donte DiVincenzo\divindo01,0.15526509690577384
Donta Hall\halldo01,0.15531417299036598
Troy Daniels\danietr01,0.1558724516431647
Dario Šarić\saricda01,0.1559183423231455
Amir Coffey\coffeam01,0.15601970527004255
Norvel Pelle\pelleno01,0.15602933466086932
Seth Curry\curryse01,0.1562069109654602
Miles Bridges\bridgmi02,0.15630916991144966
PJ Dozier\doziepj01,0.15645060003260314
Kyle Kuzma\kuzmaky01,0.1566659641148756
Wenyen Gabriel\gabriwe01,0.15673127630120942
Jake Layman\laymaja01,0.15707003040379536
Al-Farouq Aminu\aminual01,0.15708617749906073
Landry Shamet\shamela01,0.15739808837049635
Trey Lyles\lylestr01,0.15772022668456281
Troy Daniels\danietr01,0.15773726082561818
Jeremy Lamb\lambje01,0.15776180874116558
Mo Bamba\bambamo01,0.1581259560990284
Justin Wright-Foreman\wrighju02,0.15828207065649968
Kevin Hervey\herveke01,0.15835774109913658
Doug McDermott\mcderdo01,0.15843854474174718
Gorgui Dieng\dienggo01,0.15846351513401818
Willie Cauley-Stein\caulewi01,0.15861577746128203
Dion Waiters\waitedi01,0.1586159337997624
Sviatoslav Mykhailiuk\mykhasv01,0.15890575002356006
Cristiano Felício\feliccr01,0.15905728822666082
Glenn Robinson III\robingl02,0.15908610366308557
Mychal Mulder\muldemy01,0.15946061961601243
Rayjon Tucker\tuckera01,0.15992964663510106
Garrison Mathews\mathega01,0.16001530108380968
Justin James\jamesju01,0.1600774592630737
Juwan Morgan\morgaju01,0.16020260355967314
Cody Martin\martico01,0.16027178756598565
Joakim Noah\noahjo01,0.16086121618646693
Ian Mahinmi\mahinia01,0.16095128026841887
Skal Labissière\labissk01,0.16106522679005447
Kyle O'Quinn\oquinky01,0.16133834342573772
Patrick McCaw\mccawpa01,0.16144403760479353
Timothé Luwawu-Cabarrot\luwawti01,0.16145493403994005
Brandon Clarke\clarkbr01,0.16157955305989302
Theo Pinson\pinsoth01,0.16158655500747227
Alize Johnson\johnsal02,0.1616294298518262
Adam Mokoka\mokokad01,0.16165348154936454
Gorgui Dieng\dienggo01,0.16166510242082482
Garrett Temple\templga01,0.16180490923145424
Ty Jerome\jeromty01,0.16181688833695257
Trevor Ariza\arizatr01,0.16193331279894907
Andre Roberson\roberan03,0.16218082030075825
Malik Beasley\beaslma01,0.1622377872307924
Quinn Cook\cookqu01,0.16230863781757449
Edmond Sumner\sumneed01,0.16266522270905404
OG Anunoby\anunoog01,0.1627752749287964
Furkan Korkmaz\korkmfu01,0.1628059770826522
Noah Vonleh\vonleno01,0.16291700663621356
Maxi Kleber\klebima01,0.16293485984842188
Taurean Prince\princta02,0.16314754095088335
Boban Marjanović\marjabo01,0.1633331981437628
Ryan Anderson\anderry01,0.16340829918617428
Jordan McRae\mcraejo01,0.16420901790311665
Keldon Johnson\johnske04,0.1645145633365958
Luka Šamanić\samanlu01,0.16459497580439336
Dwight Powell\poweldw01,0.16479191738232324
Jarrell Brantley\brantja01,0.16497891911345058
Justin Patton\pattoju01,0.1650158174270015
Juan Toscano-Anderson\toscaju01,0.1650929981482322
Jordan McRae\mcraejo01,0.16523582971570566
Talen Horton-Tucker\hortota01,0.16551637884281606
Yuta Watanabe\watanyu01,0.16597457989690667
Langston Galloway\gallola01,0.16600927110539737
Abdel Nader\naderab01,0.16607302911914162
Jerami Grant\grantje01,0.16613161049034464
Tyler Johnson\johnsty01,0.16617501829485415
Louis King\kinglo02,0.1662512207971345
Matt Thomas\thomama02,0.16627160458860274
Marvin Williams\willima02,0.1663561976682782
Aron Baynes\baynear01,0.16651092853474014
Malik Monk\monkma01,0.16651869230066396
Nickeil Alexander-Walker\alexani01,0.16652341537067422
Dante Exum\exumda01,0.16664591399460488
Jeff Green\greenje02,0.16667247742372782
Gary Harris\harriga01,0.16680081500104493
Dorian Finney-Smith\finnedo01,0.1668397208998637
Kent Bazemore\bazemke01,0.1669432006764045
James Ennis\ennisja01,0.16735172129509568
Oshae Brissett\brissos01,0.16740011700677943
Vic Law\lawvi01,0.16740011700677943
Rudy Gay\gayru01,0.16741598222476528
Trevor Ariza\arizatr01,0.16743377908092588
Paul Millsap\millspa01,0.16777399674899074
Courtney Lee\leeco01,0.1679194204523628
Wenyen Gabriel\gabriwe01,0.16795800684878504
Jae Crowder\crowdja01,0.16802209342175012
Alec Burks\burksal01,0.16803448458028386
De'Andre Hunter\huntede01,0.16822617652708122
Zach Norvell\norveza01,0.16824313002710717
B.J. Johnson\johnsbj01,0.16830270191324403
Cedi Osman\osmande01,0.168444271182
Jerome Robinson\robinje01,0.16871231225808875
Bobby Portis\portibo01,0.16876020663485508
John Konchar\konchjo01,0.16876300348521533
James Johnson\johnsja01,0.16890712117788387
Wenyen Gabriel\gabriwe01,0.16894725677647632
Vincent Poirier\poirivi01,0.1693236294722812
Kevin Porter Jr.\porteke02,0.169364335750255
Alex Caruso\carusal01,0.16944562078993908
Devontae Cacok\cacokde01,0.16967476916659185
Stanley Johnson\johnsst04,0.170315640078039
Emmanuel Mudiay\mudiaem01,0.17032361370641352
Malik Beasley\beaslma01,0.17054077438691678
Tyler Johnson\johnsty01,0.17059055597371553
DeMarre Carroll\carrode01,0.17076580514376383
Thanasis Antetokounmpo\antetth01,0.17082630186221143
Frank Jackson\jacksfr01,0.17085331560376693
Jerome Robinson\robinje01,0.1708549481999792
Nerlens Noel\noelne01,0.17092573277577972
Georges Niang\niangge01,0.17134500786347157
Kentavious Caldwell-Pope\caldwke01,0.17136526846988448
Marial Shayok\shayoma01,0.17151200663510796
Danuel House\houseda01,0.17152363135609527
Meyers Leonard\leoname01,0.17178359833722168
Michael Carter-Williams\cartemi01,0.1717968344951606
Willie Cauley-Stein\caulewi01,0.17186058339470084
Deonte Burton\burtode02,0.17189785807324698
Thabo Sefolosha\sefolth01,0.17190058447068612
Moritz Wagner\wagnemo01,0.17214899111335935
Dewan Hernandez\hernade01,0.1722099210525599
Frank Kaminsky\kaminfr01,0.17255010917142305
DaQuan Jeffries\jeffrda01,0.17290059103673333
Pat Connaughton\connapa01,0.17297931100548009
Michael Kidd-Gilchrist\kiddgmi01,0.17300351133751918
Jerome Robinson\robinje01,0.17310550762667143
Admiral Schofield\schofad01,0.1733496722590805
Solomon Hill\hillso01,0.1737590616542125
Jeff Green\greenje02,0.1740259479461327
Wayne Ellington\ellinwa01,0.17413469988272
Brook Lopez\lopezbr01,0.17437327281714576
Gary Payton II\paytoga02,0.17439708822495587
Romeo Langford\langfro01,0.17443882064758914
Marco Belinelli\belinma01,0.17453026989565573
Thaddeus Young\youngth01,0.1745986331694721
Damyean Dotson\dotsoda01,0.17461813652504532
Ersan İlyasova\ilyaser01,0.17517688423242367
Ante Žižić\zizican01,0.17520377641373036
Ryan Arcidiacono\arcidry01,0.17523423878343125
Jaylen Hoard\hoardja01,0.175274837308243
Bruno Caboclo\cabocbr01,0.17546949986142596
Jevon Carter\carteje01,0.1755213672892963
Glenn Robinson III\robingl02,0.1759306497378248
Khem Birch\birchkh01,0.17621418035940012
Jacob Evans\evansja02,0.1763999139643272
Avery Bradley\bradlav01,0.17646977189022567
Glenn Robinson III\robingl02,0.17648179072898645
Chandler Parsons\parsoch01,0.17658281473697368
Tyrone Wallace\wallaty01,0.17687489234121823
Robert Williams\williro04,0.17692370573222604
Jeff Green\greenje02,0.17717576646936667
Trevor Ariza\arizatr01,0.17725950083513647
T.J. Leaf\leaftj01,0.17728097175727525
Miye Oni\onimi01,0.17775914213062355
Anfernee Simons\simonan01,0.17778812481347822
DeAndre' Bembry\bembrde01,0.17787331419301067
Naz Reid\reidna01,0.17799928634835865
Jordan Bell\belljo01,0.17820128922893558
Dragan Bender\bendedr01,0.17826567387509246
Chris Silva\silvach01,0.17837588917386415
Jacob Evans\evansja02,0.1784132659630444
Matisse Thybulle\thybuma01,0.17849371256371543
Allen Crabbe\crabbal01,0.1785172444916735
Kelly Olynyk\olynyke01,0.17854380442870943
Rodney Hood\hoodro01,0.17854511483799584
David Nwaba\nwabada01,0.17864865255153267
Grayson Allen\allengr01,0.17865281125979354
Terrance Ferguson\fergute01,0.17894518240713098
Justin Anderson\anderju01,0.17894947937527872
Chimezie Metu\metuch01,0.17944168345604855
Josh Okogie\okogijo01,0.17951594217193434
John Henson\hensojo01,0.179527205801722
Dion Waiters\waitedi01,0.17976114193196324
Damian Jones\jonesda03,0.1798134605051192
Rondae Hollis-Jefferson\holliro01,0.17993547111650654
E'Twaun Moore\mooreet01,0.18001809092910542
Cam Reddish\reddica01,0.1801670116734541
Dragan Bender\bendedr01,0.18020618740050048
Paul Watson\watsopa01,0.18025170376945931
Jordan Bell\belljo01,0.1804854245454176
Derrick Jones Jr.\jonesde02,0.18052428767917933
Juan Hernangómez\hernaju01,0.18055489713592537
Marcus Morris\morrima03,0.1805891641802292
Carsen Edwards\edwarca01,0.18092628935544486
Markieff Morris\morrima02,0.1812001749006144
Austin Rivers\riverau01,0.18131384517870447
Omari Spellman\spellom01,0.18138120651445316
Sekou Doumbouya\doumbse01,0.18162895380939387
Bruno Caboclo\cabocbr01,0.18166405353694137
Mikal Bridges\bridgmi01,0.18170158941367676
Otto Porter\porteot01,0.18185140505939068
Chandler Hutchison\hutchch01,0.18207601678262253
Jordan McRae\mcraejo01,0.182120940070655
Bruno Caboclo\cabocbr01,0.18217050916946992
Drew Eubanks\eubandr01,0.18220174321624677
Jordan Bell\belljo01,0.18223456524977688
Denzel Valentine\valende01,0.18239284438502568
Jahlil Okafor\okafoja01,0.1828635811181329
Noah Vonleh\vonleno01,0.18290266284870194
Markieff Morris\morrima02,0.18300552477692572
Alfonzo McKinnie\mckinal01,0.18307212795193828
Cameron Johnson\johnsca02,0.18324543839639001
Goga Bitadze\bitadgo01,0.18340843011448482
Shaquille Harrison\harrish01,0.18353118688682052
Brandon Goodwin\goodwbr01,0.18362688650399417
Dante Exum\exumda01,0.18384368278725244
Noah Vonleh\vonleno01,0.1838693557922622
Zach Norvell\norveza01,0.18414163828320668
Semi Ojeleye\ojelese01,0.18426769095718443
Lance Thomas\thomala01,0.1843074716720947
Kent Bazemore\bazemke01,0.18451623241079473
Caleb Martin\martica02,0.18458025147219292
Zylan Cheatham\cheatzy01,0.18462011344792423
Justin Holiday\holidju01,0.18472701587320212
Javonte Green\greenja02,0.18489359174867365
Isaac Bonga\bongais01,0.18490639749532228
Kyle Korver\korveky01,0.1849177361736361
Danny Green\greenda02,0.18507216440288288
Paul Watson\watsopa01,0.18511872234815568
Jarrett Culver\culveja01,0.18514138129461322
Reggie Bullock\bullore01,0.18524338411111074
Gary Clark\clarkga01,0.18533634652501324
Markieff Morris\morrima02,0.1853482869715194
DeMarre Carroll\carrode01,0.18540639729483138
John Henson\hensojo01,0.18544526471465744
Jaxson Hayes\hayesja02,0.18558953097185638
Anthony Tolliver\tollian01,0.1857308625932847
Terence Davis\daviste02,0.18579964819080447
Marko Guduric\gudurma01,0.1859728831551652
Alen Smailagić\smailal01,0.18597777516934716
Darius Bazley\bazleda01,0.18601109481688088
Jabari Parker\parkeja01,0.18647511736972727
Daniel Gafford\gaffoda01,0.18657024624444885
Kent Bazemore\bazemke01,0.18661891398157804
Taj Gibson\gibsota01,0.18664628210826956
Kevon Looney\looneke01,0.18673331276931354
Anžejs Pasečņiks\pasecan01,0.18677354039118366
Juan Hernangómez\hernaju01,0.1868173301086668
Hamidou Diallo\diallha01,0.1872781480483811
Solomon Hill\hillso01,0.18762935945965947
Solomon Hill\hillso01,0.18765324307013181
Vince Carter\cartevi01,0.18766808045198297
Nassir Little\littlna01,0.18784869333454413
Josh Jackson\jacksjo02,0.18791419490033967
Wesley Matthews\matthwe02,0.18795793127804805
Harry Giles\gilesha01,0.18801332024456646
Mike Scott\scottmi01,0.18808032963734306
Keita Bates-Diop\bateske01,0.18812049317981133
Wilson Chandler\chandwi01,0.18845868346625877
Luguentz Dort\dortlu01,0.18891291194182508
Isaiah Hartenstein\harteis01,0.18923331839565244
Rodney McGruder\mcgruro01,0.18935878914249
Ryan Broekhoff\broekry01,0.1898296388100928
Gary Clark\clarkga01,0.18988940990125897
Kelan Martin\martike03,0.1900552585692205
Treveon Graham\grahatr01,0.19015941654854673
Dante Exum\exumda01,0.1902696649294806
Bruno Fernando\fernabr01,0.19043864077565903
Jalen McDaniels\mcdanja01,0.19044680701717415
Dwayne Bacon\bacondw01,0.19088548900207175
Cheick Diallo\diallch01,0.1909060368859979
Maurice Harkless\harklma01,0.19092374101164505
Willy Hernangómez\hernawi01,0.19115650709468734
Torrey Craig\craigto01,0.1913174480390778
Džanan Musa\musadz01,0.19133484006900608
Wesley Iwundu\iwundwe01,0.1916093456559202
John Henson\hensojo01,0.19185222179865147
Keita Bates-Diop\bateske01,0.19186444693181914
JaKarr Sampson\sampsja02,0.1921129596615071
Michael Kidd-Gilchrist\kiddgmi01,0.19214047692004632
Mario Hezonja\hezonma01,0.19231596640085236
James Ennis\ennisja01,0.19249539084794876
Robin Lopez\lopezro01,0.1929104923699102
D.J. Wilson\wilsodj01,0.1932965263329935
Anthony Tolliver\tollian01,0.1935277032283293
Luke Kornet\kornelu01,0.1937900633486505
Allen Crabbe\crabbal01,0.1938353531689258
Nicolò Melli\mellini01,0.19422919601339195
Rodions Kurucs\kurucro01,0.1946909358518863
James Johnson\johnsja01,0.19475207285217655
Nicolas Claxton\claxtni01,0.19514090962833974
Sterling Brown\brownst02,0.19528872649282075
Maurice Harkless\harklma01,0.19560159797866816
Grant Williams\willigr01,0.19581074986663993
Marvin Williams\willima02,0.19617770547461466
James Ennis\ennisja01,0.19652780640074546
DeMarre Carroll\carrode01,0.1966473744144827
Justin Jackson\jacksju01,0.19667127411362179
Anthony Tolliver\tollian01,0.19671597652787592
Patrick Patterson\pattepa01,0.19702172525566314
Maurice Harkless\harklma01,0.19757827510377202
Lonnie Walker\walkelo01,0.1979715545554263
Thon Maker\makerth01,0.19807527247191686
Treveon Graham\grahatr01,0.19824077969896187
Iman Shumpert\shumpim01,0.19828461483908166
Kevin Knox\knoxke01,0.19846739562171817
Treveon Graham\grahatr01,0.1988482312662721
Allen Crabbe\crabbal01,0.19938032614204482
Mike Muscala\muscami01,0.19993680823914872
Marvin Williams\willima02,0.20076757761616737
Bol Bol\bolbo01,0.20292911037597994
